Counterparty,Notional Amount,Expiration Date,Filing Date
,,N/A,2025-08-29
,,N/A,2025-08-29
,,N/A,2025-08-29
,,N/A,2025-08-29
,,N/A,2025-08-29
,,N/A,2025-08-29
,,N/A,2025-08-29
,,N/A,2025-08-29
,,N/A,2025-08-29
,,N/A,2025-08-29
,,N/A,2025-08-29
,,N/A,2025-08-29
,,N/A,2025-08-29
,,N/A,2025-08-29
,,N/A,2025-08-29
,,N/A,2025-08-29
,,N/A,2025-08-29
,,N/A,2025-08-29
,,N/A,2025-08-29
,,N/A,2025-08-29
,,N/A,2025-08-29
,,N/A,2025-08-29
,,N/A,2025-08-29
,,N/A,2025-08-29
,,N/A,2025-08-29
,,N/A,2025-08-29
,,N/A,2025-08-29
,,N/A,2025-08-29
,,N/A,2025-08-29
,,N/A,2025-08-29
,,N/A,2025-08-29
,,N/A,2025-08-29
,,N/A,2025-08-29
,,N/A,2025-08-29
,,N/A,2025-08-29
,,N/A,2025-08-29
,,N/A,2025-08-29
,,N/A,2025-08-29
,,N/A,2025-08-29
,,N/A,2025-08-29
,,N/A,2025-08-29
,,N/A,2025-08-29
,,N/A,2025-08-29
,,N/A,2025-08-29
,,N/A,2025-08-29
,,N/A,2025-08-29
,,N/A,2025-08-29
,,N/A,2025-08-29
,,N/A,2025-08-29
,,N/A,2025-08-29
,,N/A,2025-08-29
,,N/A,2025-08-29
,,N/A,2025-08-29
,,N/A,2025-08-29
,,N/A,2025-08-29
,,N/A,2025-08-29
,,N/A,2025-08-29
,,N/A,2025-08-29
,,N/A,2025-08-29
,,N/A,2025-08-29
,,N/A,2025-08-29
,,N/A,2025-08-29
,,N/A,2025-08-29
,,N/A,2025-08-29
,,N/A,2025-08-29
,,N/A,2025-08-29
,,N/A,2025-08-29
,,N/A,2025-08-29
,,N/A,2025-08-29
,,N/A,2025-08-29
,,N/A,2025-08-29
,,N/A,2025-08-29
,,N/A,2025-08-29
,,N/A,2025-08-29
,,N/A,2025-08-29
,,N/A,2025-08-29
,,N/A,2025-08-29
,,N/A,2025-08-29
,,N/A,2025-08-29
,,N/A,2025-08-29
,,N/A,2025-08-29
,,N/A,2025-08-29
,,N/A,2025-08-29
,,N/A,2025-08-29
,,N/A,2025-08-29
,,N/A,2025-08-29
,,N/A,2025-08-29
,,N/A,2025-08-29
,,N/A,2025-08-29
,,N/A,2025-08-29
,,N/A,2025-08-29
,,N/A,2025-08-29
,,N/A,2025-08-29
,,N/A,2025-08-29
,,N/A,2025-08-29
,,N/A,2025-08-29
,,N/A,2025-08-29
,,N/A,2025-08-29
,,N/A,2025-08-29
,,N/A,2025-08-29
,,N/A,2025-08-29
,,N/A,2025-08-29
,,N/A,2025-08-29
,,N/A,2025-08-29
,,N/A,2025-08-29
,,N/A,2025-08-29
,,N/A,2025-08-29
,,N/A,2025-08-29
,,N/A,2025-08-29
,,N/A,2025-08-29
,,N/A,2025-08-29
,,N/A,2025-08-29
,,N/A,2025-08-29
,,N/A,2025-08-29
,,N/A,2025-08-29
,,N/A,2025-08-29
,,N/A,2025-08-29
,,N/A,2025-08-29
,,N/A,2025-08-29
,,N/A,2025-08-29
,,N/A,2025-08-29
,,N/A,2025-08-29
,,N/A,2025-08-29
,,N/A,2025-08-29
,,N/A,2025-08-29
,,N/A,2025-08-29
,,N/A,2025-08-29
,,N/A,2025-08-29
,,N/A,2025-08-29
,,N/A,2025-08-29
,,N/A,2025-08-29
,,N/A,2025-08-29
,,N/A,2025-08-29
,,N/A,2025-08-29
,,N/A,2025-08-29
,,N/A,2025-08-29
,,N/A,2025-08-29
,,N/A,2025-08-29
,,N/A,2025-08-29
,,N/A,2025-08-29
,,N/A,2025-08-29
,,N/A,2025-08-29
,,N/A,2025-08-29
,,N/A,2025-08-29
,,N/A,2025-08-29
,,N/A,2025-08-29
,,N/A,2025-08-29
,,N/A,2025-08-29
,,N/A,2025-08-29
,,N/A,2025-08-29
,,N/A,2025-08-29
,,N/A,2025-08-29
,,N/A,2025-08-29
,,N/A,2025-08-29
,,N/A,2025-08-29
,,N/A,2025-08-29
,,N/A,2025-08-29
,,N/A,2025-08-29
,,N/A,2025-08-29
,,N/A,2025-08-29
,,N/A,2025-08-29
,,N/A,2025-08-29
,,N/A,2025-08-29
,,N/A,2025-08-29
,,N/A,2025-08-29
,,N/A,2025-08-29
,,N/A,2025-08-29
,,N/A,2025-08-29
,,N/A,2025-08-29
,,N/A,2025-08-29
,,N/A,2025-08-29
,,N/A,2025-08-29
,,N/A,2025-08-29
,,N/A,2025-08-29
,,N/A,2025-08-29
,,N/A,2025-08-29
,,N/A,2025-08-29
,,N/A,2025-08-29
,,N/A,2025-08-29
,,N/A,2025-08-29
,,N/A,2025-08-29
,,N/A,2025-08-29
,,N/A,2025-08-29
,,N/A,2025-08-29
,,N/A,2025-08-29
,,N/A,2025-08-29
,,N/A,2025-08-29
,,N/A,2025-08-29
,,N/A,2025-08-29
,,N/A,2025-08-29
,,N/A,2025-08-29
,,N/A,2025-08-29
,,N/A,2025-08-29
,,N/A,2025-08-29
,,N/A,2025-08-29
,,N/A,2025-08-29
,,N/A,2025-08-29
,,N/A,2025-08-29
,,N/A,2025-08-29
,,N/A,2025-08-29
,,N/A,2025-08-29
,,N/A,2025-08-29
,,N/A,2025-08-29
,,N/A,2025-08-29
,,N/A,2025-08-29
,,N/A,2025-08-29
,,N/A,2025-08-29
,,N/A,2025-08-29
,,N/A,2025-08-29
,,N/A,2025-08-29
,,N/A,2025-08-29
,,N/A,2025-08-29
,,N/A,2025-08-29
,,N/A,2025-08-29
,,N/A,2025-08-29
,,N/A,2025-08-29
,,N/A,2025-08-29
,,N/A,2025-08-29
,,N/A,2025-08-29
,,N/A,2025-08-29
,,N/A,2025-08-29
,,N/A,2025-08-29
,,N/A,2025-08-29
,,N/A,2025-08-29
,,N/A,2025-08-29
,,N/A,2025-08-29
,,N/A,2025-08-29
,,N/A,2025-08-29
,,N/A,2025-08-29
,,N/A,2025-08-29
,,N/A,2025-08-29
,,N/A,2025-08-29
,,N/A,2025-08-29
,,N/A,2025-08-29
,,N/A,2025-08-29
,,N/A,2025-08-29
,,N/A,2025-08-29
,,N/A,2025-08-29
,,N/A,2025-08-29
,,N/A,2025-08-29
,,N/A,2025-08-29
,,N/A,2025-08-29
,,N/A,2025-08-29
,,N/A,2025-08-29
,,N/A,2025-08-29
,,N/A,2025-08-29
,,N/A,2025-08-29
,,N/A,2025-08-29
,,N/A,2025-08-29
,,N/A,2025-08-29
,,N/A,2025-08-29
,,N/A,2025-08-29
,,N/A,2025-08-29
,,N/A,2025-08-29
,,N/A,2025-08-29
,,N/A,2025-08-29
,,N/A,2025-08-29
,,N/A,2025-08-29
,,N/A,2025-08-29
,,N/A,2025-08-29
,,N/A,2025-08-29
,,N/A,2025-08-29
,,N/A,2025-08-29
,,N/A,2025-08-29
,,N/A,2025-08-29
,,N/A,2025-08-29
,,N/A,2025-08-29
,,N/A,2025-08-29
,,N/A,2025-08-29
,,N/A,2025-08-29
,,N/A,2025-08-29
,,N/A,2025-08-29
,,N/A,2025-08-29
,,N/A,2025-08-29
,,N/A,2025-08-29
,,N/A,2025-08-29
,,N/A,2025-08-29
,,N/A,2025-08-29
,,N/A,2025-08-29
,,N/A,2025-08-29
,,N/A,2025-08-29
,,N/A,2025-08-29
,,N/A,2025-08-29
,,N/A,2025-08-29
,,N/A,2025-08-29
,,N/A,2025-08-29
,,N/A,2025-08-29
,,N/A,2025-08-29
,,N/A,2025-08-29
,,N/A,2025-08-29
,,N/A,2025-08-29
,,N/A,2025-08-29
,,N/A,2025-08-29
,,N/A,2025-08-29
,,N/A,2025-08-29
,,N/A,2025-08-29
,,N/A,2025-08-29
,,N/A,2025-08-29
,,N/A,2025-08-29
,,N/A,2025-08-29
,,N/A,2025-08-29
,,N/A,2025-08-29
,,N/A,2025-08-29
,,N/A,2025-08-29
,,N/A,2025-08-29
,,N/A,2025-08-29
,,N/A,2025-08-29
,,N/A,2025-08-29
,,N/A,2025-08-29
,,N/A,2025-08-29
,,N/A,2025-08-29
,,N/A,2025-08-29
,,N/A,2025-08-29
,,N/A,2025-08-29
,,N/A,2025-08-29
,,N/A,2025-08-29
,,N/A,2025-08-29
,,N/A,2025-08-29
,,N/A,2025-08-29
,,N/A,2025-08-29
,,N/A,2025-08-29
,,N/A,2025-08-29
,,N/A,2025-08-29
,,N/A,2025-08-29
,,N/A,2025-08-29
,,N/A,2025-08-29
,,N/A,2025-08-29
,,N/A,2025-08-29
,,N/A,2025-08-29
,,N/A,2025-08-29
,,N/A,2025-08-29
,,N/A,2025-08-29
,,N/A,2025-08-29
,,N/A,2025-08-29
,,N/A,2025-08-29
,,N/A,2025-08-29
,,N/A,2025-08-29
,,N/A,2025-08-29
,,N/A,2025-08-29
,,N/A,2025-08-29
,,N/A,2025-08-29
,,N/A,2025-08-29
,,N/A,2025-08-29
,,N/A,2025-08-29
,,N/A,2025-08-29
,,N/A,2025-08-29
,,N/A,2025-08-29
,,N/A,2025-08-29
,,N/A,2025-08-29
,,N/A,2025-08-29
,,N/A,2025-08-29
,,N/A,2025-08-29
,,N/A,2025-08-29
,,N/A,2025-08-29
,,N/A,2025-08-29
,,N/A,2025-08-29
,,N/A,2025-08-29
,,N/A,2025-08-29
,,N/A,2025-08-29
,,N/A,2025-08-29
,,N/A,2025-08-29
,,N/A,2025-08-29
,,N/A,2025-08-29
,,N/A,2025-08-29
,,N/A,2025-08-29
,,N/A,2025-08-29
,,N/A,2025-08-29
,,N/A,2025-08-29
,,N/A,2025-08-29
,,N/A,2025-08-29
,,N/A,2025-08-29
,,N/A,2025-08-29
,,N/A,2025-08-29
,,N/A,2025-08-29
,,N/A,2025-08-29
,,N/A,2025-08-29
,,N/A,2025-08-29
,,N/A,2025-08-29
,,N/A,2025-08-29
,,N/A,2025-08-29
,,N/A,2025-08-29
,,N/A,2025-08-29
,,N/A,2025-08-29
,,N/A,2025-08-29
,,N/A,2025-08-29
,,N/A,2025-08-29
,,N/A,2025-08-29
,,N/A,2025-08-29
,,N/A,2025-08-29
,,N/A,2025-08-29
,,N/A,2025-08-29
,,N/A,2025-08-29
,,N/A,2025-08-29
,,N/A,2025-08-29
,,N/A,2025-08-29
,,N/A,2025-08-29
,,N/A,2025-08-29
,,N/A,2025-08-29
,,N/A,2025-08-29
,,N/A,2025-08-29
,,N/A,2025-08-29
,,N/A,2025-08-29
,,N/A,2025-08-29
,,N/A,2025-08-29
,,N/A,2025-08-29
,,N/A,2025-08-29
,,N/A,2025-08-29
,,N/A,2025-08-29
,,N/A,2025-08-29
,,N/A,2025-08-29
,,N/A,2025-08-29
,,N/A,2025-08-29
,,N/A,2025-08-29
,,N/A,2025-08-29
,,N/A,2025-08-29
,,N/A,2025-08-29
,,N/A,2025-08-29
,,N/A,2025-08-29
,,N/A,2025-08-29
,,N/A,2025-08-29
,,N/A,2025-08-29
,,N/A,2025-08-29
,,N/A,2025-08-29
,,N/A,2025-08-29
,,N/A,2025-08-29
,,N/A,2025-08-29
,,N/A,2025-08-29
,,N/A,2025-08-29
,,N/A,2025-08-29
,,N/A,2025-08-29
,,N/A,2025-08-29
,,N/A,2025-08-29
,,N/A,2025-08-29
,,N/A,2025-08-29
,,N/A,2025-08-29
,,N/A,2025-08-29
,,N/A,2025-08-29
,,N/A,2025-08-29
,,N/A,2025-08-29
,,N/A,2025-08-29
,,N/A,2025-08-29
,,N/A,2025-08-29
,,N/A,2025-08-29
,,N/A,2025-08-29
,,N/A,2025-08-29
,,N/A,2025-08-29
,,N/A,2025-08-29
,,N/A,2025-08-29
,,N/A,2025-08-29
,,N/A,2025-08-29
,,N/A,2025-08-29
,,N/A,2025-08-29
,,N/A,2025-08-29
,,N/A,2025-08-29
,,N/A,2025-08-29
,,N/A,2025-08-29
,,N/A,2025-08-29
,,N/A,2025-08-29
,,N/A,2025-08-29
,,N/A,2025-08-29
,,N/A,2025-08-29
,,N/A,2025-08-29
,,N/A,2025-08-29
,,N/A,2025-08-29
,,N/A,2025-08-29
,,N/A,2025-08-29
,,N/A,2025-08-29
,,N/A,2025-08-29
,,N/A,2025-08-29
,,N/A,2025-08-29
,,N/A,2025-08-29
,,N/A,2025-08-29
,,N/A,2025-08-29
,,N/A,2025-08-29
,,N/A,2025-08-29
,,N/A,2025-08-29
,,N/A,2025-08-29
,,N/A,2025-08-29
,,N/A,2025-08-29
,,N/A,2025-08-29
,,N/A,2025-08-29
,,N/A,2025-08-29
,,N/A,2025-08-29
,,N/A,2025-08-29
,,N/A,2025-08-29
,,N/A,2025-08-29
,,N/A,2025-08-29
,,N/A,2025-08-29
,,N/A,2025-08-29
,,N/A,2025-08-29
,,N/A,2025-08-29
,,N/A,2025-08-29
,,N/A,2025-08-29
,,N/A,2025-08-29
,,N/A,2025-08-29
,,N/A,2025-08-29
,,N/A,2025-08-29
,,N/A,2025-08-29
,,N/A,2025-08-29
,,N/A,2025-08-29
,,N/A,2025-08-29
,,N/A,2025-08-29
,,N/A,2025-08-29
,,N/A,2025-08-29
,,N/A,2025-08-29
,,N/A,2025-08-29
,,N/A,2025-08-29
,,N/A,2025-08-29
,,N/A,2025-08-29
,,N/A,2025-08-29
,,N/A,2025-08-29
,,N/A,2025-08-29
,,N/A,2025-08-29
,,N/A,2025-08-29
,,N/A,2025-08-29
,,N/A,2025-08-29
,,N/A,2025-08-29
,,N/A,2025-08-29
,,N/A,2025-08-29
,,N/A,2025-08-29
,,N/A,2025-08-29
,,N/A,2025-08-29
,,N/A,2025-08-29
,,N/A,2025-08-29
,,N/A,2025-08-29
,,N/A,2025-08-29
,,N/A,2025-08-29
,,N/A,2025-08-29
,,N/A,2025-08-29
,,N/A,2025-08-29
,,N/A,2025-08-29
,,N/A,2025-08-29
,,N/A,2025-08-29
,,N/A,2025-08-29
,,N/A,2025-08-29
,,N/A,2025-08-29
,,N/A,2025-08-29
,,N/A,2025-08-29
,,N/A,2025-08-29
,,N/A,2025-08-29
,,N/A,2025-08-29
,,N/A,2025-08-29
,,N/A,2025-08-29
,,N/A,2025-08-29
,,N/A,2025-08-29
,,N/A,2025-08-29
,,N/A,2025-08-29
,,N/A,2025-08-29
,,N/A,2025-08-29
,,N/A,2025-08-29
,,N/A,2025-08-29
,,N/A,2025-08-29
,,N/A,2025-08-29
,,N/A,2025-08-29
,,N/A,2025-08-29
,,N/A,2025-08-29
,,N/A,2025-08-29
,,N/A,2025-08-29
,,N/A,2025-08-29
,,N/A,2025-08-29
,,N/A,2025-08-29
,,N/A,2025-08-29
,,N/A,2025-08-29
,,N/A,2025-08-29
,,N/A,2025-08-29
,,N/A,2025-08-29
,,N/A,2025-08-29
,,N/A,2025-08-29
,,N/A,2025-08-29
,,N/A,2025-08-29
,,N/A,2025-08-29
,,N/A,2025-08-29
,,N/A,2025-08-29
,,N/A,2025-08-29
,,N/A,2025-08-29
,,N/A,2025-08-29
,,N/A,2025-08-29
,,N/A,2025-08-29
,,N/A,2025-08-29
,,N/A,2025-08-29
,,N/A,2025-08-29
,,N/A,2025-08-29
,,N/A,2025-08-29
,,N/A,2025-08-29
,,N/A,2025-08-29
,,N/A,2025-08-29
,,N/A,2025-08-29
,,N/A,2025-08-29
,,N/A,2025-08-29
,,N/A,2025-08-29
,,N/A,2025-08-29
,,N/A,2025-08-29
,,N/A,2025-08-29
,,N/A,2025-08-29
,,N/A,2025-08-29
,,N/A,2025-08-29
,,N/A,2025-08-29
,,N/A,2025-08-29
,,N/A,2025-08-29
,,N/A,2025-08-29
,,N/A,2025-08-29
,,N/A,2025-08-29
,,N/A,2025-08-29
,,N/A,2025-08-29
,,N/A,2025-08-29
,,N/A,2025-08-29
,,N/A,2025-08-29
,,N/A,2025-08-29
,,N/A,2025-08-29
,,N/A,2025-08-29
,,N/A,2025-08-29
,,N/A,2025-08-29
,,N/A,2025-08-29
,,N/A,2025-08-29
,,N/A,2025-08-29
,,N/A,2025-08-29
,,N/A,2025-08-29
,,N/A,2025-08-29
,,N/A,2025-08-29
,,N/A,2025-08-29
,,N/A,2025-08-29
,,N/A,2025-08-29
,,N/A,2025-08-29
,,N/A,2025-08-29
,,N/A,2025-08-29
,,N/A,2025-08-29
,,N/A,2025-08-29
,,N/A,2025-08-29
,,N/A,2025-08-29
,,N/A,2025-08-29
,,N/A,2025-08-29
,,N/A,2025-08-29
,,N/A,2025-08-29
,,N/A,2025-08-29
,,N/A,2025-08-29
,,N/A,2025-08-29
,,N/A,2025-08-29
,,N/A,2025-08-29
,,N/A,2025-08-29
,,N/A,2025-08-29
,,N/A,2025-08-29
,,N/A,2025-08-29
,,N/A,2025-08-29
,,N/A,2025-08-29
,,N/A,2025-08-29
,,N/A,2025-08-29
,,N/A,2025-08-29
,,N/A,2025-08-29
,,N/A,2025-08-29
,,N/A,2025-08-28
,,N/A,2025-08-28
,,N/A,2025-08-28
,,N/A,2025-08-28
,,N/A,2025-08-28
,,N/A,2025-08-28
,,N/A,2025-08-28
,,N/A,2025-08-28
,,N/A,2025-08-28
,,N/A,2025-08-28
,,N/A,2025-08-28
,,N/A,2025-08-28
,,N/A,2025-08-28
,,N/A,2025-08-28
,,N/A,2025-08-28
,,N/A,2025-08-28
,,N/A,2025-08-28
,,N/A,2025-08-28
,,N/A,2025-08-28
,,N/A,2025-08-28
,,N/A,2025-08-28
,,N/A,2025-08-28
,,N/A,2025-08-28
,,N/A,2025-08-28
,,N/A,2025-08-28
,,N/A,2025-08-28
,,N/A,2025-08-28
,,N/A,2025-08-28
,,N/A,2025-08-28
,,N/A,2025-08-28
,,N/A,2025-08-28
,,N/A,2025-08-28
,,N/A,2025-08-28
,,N/A,2025-08-28
,,N/A,2025-08-28
,,N/A,2025-08-28
,,N/A,2025-08-28
,,N/A,2025-08-28
,,N/A,2025-08-28
,,N/A,2025-08-28
,,N/A,2025-08-28
,,N/A,2025-08-28
,,N/A,2025-08-28
,,N/A,2025-08-28
,,N/A,2025-08-28
,,N/A,2025-08-28
,,N/A,2025-08-28
,,N/A,2025-08-28
,,N/A,2025-08-28
,,N/A,2025-08-28
,,N/A,2025-08-28
,,N/A,2025-08-28
,,N/A,2025-08-28
,,N/A,2025-08-28
,,N/A,2025-08-28
,,N/A,2025-08-28
,,N/A,2025-08-28
,,N/A,2025-08-28
,,N/A,2025-08-28
,,N/A,2025-08-28
,,N/A,2025-08-28
,,N/A,2025-08-28
,,N/A,2025-08-28
,,N/A,2025-08-28
,,N/A,2025-08-28
,,N/A,2025-08-28
,,N/A,2025-08-28
,,N/A,2025-08-28
,,N/A,2025-08-28
,,N/A,2025-08-28
,,N/A,2025-08-28
,,N/A,2025-08-28
,,N/A,2025-08-28
,,N/A,2025-08-28
,,N/A,2025-08-28
,,N/A,2025-08-28
,,N/A,2025-08-28
,,N/A,2025-08-28
,,N/A,2025-08-28
,,N/A,2025-08-28
,,N/A,2025-08-28
,,N/A,2025-08-28
,,N/A,2025-08-28
,,N/A,2025-08-28
,,N/A,2025-08-28
,,N/A,2025-08-28
,,N/A,2025-08-28
,,N/A,2025-08-28
,,N/A,2025-08-28
,,N/A,2025-08-28
,,N/A,2025-08-28
,,N/A,2025-08-28
,,N/A,2025-08-28
,,N/A,2025-08-28
,,N/A,2025-08-28
,,N/A,2025-08-28
,,N/A,2025-08-28
,,N/A,2025-08-28
,,N/A,2025-08-28
,,N/A,2025-08-28
,,N/A,2025-08-28
,,N/A,2025-08-28
,,N/A,2025-08-28
,,N/A,2025-08-28
,,N/A,2025-08-28
,,N/A,2025-08-28
,,N/A,2025-08-28
,,N/A,2025-08-28
,,N/A,2025-08-28
,,N/A,2025-08-28
,,N/A,2025-08-28
,,N/A,2025-08-28
,,N/A,2025-08-28
,,N/A,2025-08-28
,,N/A,2025-08-28
,,N/A,2025-08-28
,,N/A,2025-08-28
,,N/A,2025-08-28
,,N/A,2025-08-28
,,N/A,2025-08-28
,,N/A,2025-08-28
,,N/A,2025-08-28
,,N/A,2025-08-28
,,N/A,2025-08-28
,,N/A,2025-08-28
,,N/A,2025-08-28
,,N/A,2025-08-28
,,N/A,2025-08-28
,,N/A,2025-08-28
,,N/A,2025-08-28
,,N/A,2025-08-28
,,N/A,2025-08-28
,,N/A,2025-08-28
,,N/A,2025-08-28
,,N/A,2025-08-28
,,N/A,2025-08-28
,,N/A,2025-08-28
,,N/A,2025-08-28
,,N/A,2025-08-28
,,N/A,2025-08-28
,,N/A,2025-08-28
,,N/A,2025-08-28
,,N/A,2025-08-28
,,N/A,2025-08-28
,,N/A,2025-08-28
,,N/A,2025-08-28
,,N/A,2025-08-28
,,N/A,2025-08-28
,,N/A,2025-08-28
,,N/A,2025-08-28
,,N/A,2025-08-28
,,N/A,2025-08-28
,,N/A,2025-08-28
,,N/A,2025-08-28
,,N/A,2025-08-28
,,N/A,2025-08-28
,,N/A,2025-08-28
,,N/A,2025-08-28
,,N/A,2025-08-28
,,N/A,2025-08-28
,,N/A,2025-08-28
,,N/A,2025-08-28
,,N/A,2025-08-28
,,N/A,2025-08-28
,,N/A,2025-08-28
,,N/A,2025-08-28
,,N/A,2025-08-28
,,N/A,2025-08-28
,,N/A,2025-08-28
,,N/A,2025-08-28
,,N/A,2025-08-28
,,N/A,2025-08-28
,,N/A,2025-08-28
,,N/A,2025-08-28
,,N/A,2025-08-28
,,N/A,2025-08-28
,,N/A,2025-08-28
,,N/A,2025-08-28
,,N/A,2025-08-28
,,N/A,2025-08-28
,,N/A,2025-08-28
,,N/A,2025-08-28
,,N/A,2025-08-28
,,N/A,2025-08-28
,,N/A,2025-08-28
,,N/A,2025-08-28
,,N/A,2025-08-28
,,N/A,2025-08-28
,,N/A,2025-08-28
,,N/A,2025-08-28
,,N/A,2025-08-28
,,N/A,2025-08-28
,,N/A,2025-08-28
,,N/A,2025-08-28
,,N/A,2025-08-28
,,N/A,2025-08-28
,,N/A,2025-08-28
,,N/A,2025-08-28
,,N/A,2025-08-28
,,N/A,2025-08-28
,,N/A,2025-08-28
,,N/A,2025-08-28
,,N/A,2025-08-28
,,N/A,2025-08-28
,,N/A,2025-08-28
,,N/A,2025-08-28
,,N/A,2025-08-28
,,N/A,2025-08-28
,,N/A,2025-08-28
,,N/A,2025-08-28
,,N/A,2025-08-28
,,N/A,2025-08-28
,,N/A,2025-08-28
,,N/A,2025-08-28
,,N/A,2025-08-28
,,N/A,2025-08-28
,,N/A,2025-08-28
,,N/A,2025-08-28
,,N/A,2025-08-28
,,N/A,2025-08-28
,,N/A,2025-08-28
,,N/A,2025-08-28
,,N/A,2025-08-28
,,N/A,2025-08-28
,,N/A,2025-08-28
,,N/A,2025-08-28
,,N/A,2025-08-28
,,N/A,2025-08-28
,,N/A,2025-08-28
,,N/A,2025-08-28
,,N/A,2025-08-28
,,N/A,2025-08-28
,,N/A,2025-08-28
,,N/A,2025-08-28
,,N/A,2025-08-28
,,N/A,2025-08-28
,,N/A,2025-08-28
,,N/A,2025-08-28
,,N/A,2025-08-28
,,N/A,2025-08-28
,,N/A,2025-08-28
,,N/A,2025-08-28
,,N/A,2025-08-28
,,N/A,2025-08-28
,,N/A,2025-08-28
,,N/A,2025-08-28
,,N/A,2025-08-28
,,N/A,2025-08-28
,,N/A,2025-08-28
,,N/A,2025-08-28
,,N/A,2025-08-28
,,N/A,2025-08-28
,,N/A,2025-08-28
,,N/A,2025-08-28
,,N/A,2025-08-28
,,N/A,2025-08-28
,,N/A,2025-08-28
,,N/A,2025-08-28
,,N/A,2025-08-28
,,N/A,2025-08-28
,,N/A,2025-08-28
,,N/A,2025-08-28
,,N/A,2025-08-28
,,N/A,2025-08-28
,,N/A,2025-08-28
,,N/A,2025-08-28
,,N/A,2025-08-28
,,N/A,2025-08-28
,,N/A,2025-08-28
,,N/A,2025-08-28
,,N/A,2025-08-28
,,N/A,2025-08-28
,,N/A,2025-08-28
,,N/A,2025-08-28
,,N/A,2025-08-28
,,N/A,2025-08-28
,,N/A,2025-08-28
,,N/A,2025-08-28
,,N/A,2025-08-28
,,N/A,2025-08-28
,,N/A,2025-08-28
,,N/A,2025-08-28
,,N/A,2025-08-28
,,N/A,2025-08-28
,,N/A,2025-08-28
,,N/A,2025-08-28
,,N/A,2025-08-28
,,N/A,2025-08-28
,,N/A,2025-08-28
,,N/A,2025-08-28
,,N/A,2025-08-28
,,N/A,2025-08-28
,,N/A,2025-08-28
,,N/A,2025-08-28
,,N/A,2025-08-28
,,N/A,2025-08-28
,,N/A,2025-08-28
,,N/A,2025-08-28
,,N/A,2025-08-28
,,N/A,2025-08-28
,,N/A,2025-08-28
,,N/A,2025-08-28
,,N/A,2025-08-28
,,N/A,2025-08-28
,,N/A,2025-08-28
,,N/A,2025-08-28
,,N/A,2025-08-28
,,N/A,2025-08-28
,,N/A,2025-08-28
,,N/A,2025-08-28
,,N/A,2025-08-28
,,N/A,2025-08-28
,,N/A,2025-08-28
,,N/A,2025-08-28
,,N/A,2025-08-28
,,N/A,2025-08-28
,,N/A,2025-08-28
,,N/A,2025-08-28
,,N/A,2025-08-28
,,N/A,2025-08-28
,,N/A,2025-08-28
,,N/A,2025-08-28
,,N/A,2025-08-28
,,N/A,2025-08-28
,,N/A,2025-08-28
,,N/A,2025-08-28
,,N/A,2025-08-28
,,N/A,2025-08-28
,,N/A,2025-08-28
,,N/A,2025-08-28
,,N/A,2025-08-28
,,N/A,2025-08-28
,,N/A,2025-08-28
,,N/A,2025-08-28
,,N/A,2025-08-28
,,N/A,2025-08-28
,,N/A,2025-08-28
,,N/A,2025-08-28
,,N/A,2025-08-28
,,N/A,2025-08-28
,,N/A,2025-08-28
,,N/A,2025-08-28
,,N/A,2025-08-28
,,N/A,2025-08-28
,,N/A,2025-08-28
,,N/A,2025-08-28
,,N/A,2025-08-28
,,N/A,2025-08-28
,,N/A,2025-08-28
,,N/A,2025-08-28
,,N/A,2025-08-28
,,N/A,2025-08-28
,,N/A,2025-08-28
,,N/A,2025-08-28
,,N/A,2025-08-28
,,N/A,2025-08-28
,,N/A,2025-08-28
,,N/A,2025-08-28
,,N/A,2025-08-28
,,N/A,2025-08-28
,,N/A,2025-08-28
,,N/A,2025-08-28
,,N/A,2025-08-28
,,N/A,2025-08-28
,,N/A,2025-08-28
,,N/A,2025-08-28
,,N/A,2025-08-28
,,N/A,2025-08-28
,,N/A,2025-08-28
,,N/A,2025-08-28
,,N/A,2025-08-28
,,N/A,2025-08-28
,,N/A,2025-08-28
,,N/A,2025-08-28
,,N/A,2025-08-28
,,N/A,2025-08-28
,,N/A,2025-08-28
,,N/A,2025-08-28
,,N/A,2025-08-28
,,N/A,2025-08-28
,,N/A,2025-08-28
,,N/A,2025-08-28
,,N/A,2025-08-28
,,N/A,2025-08-28
,,N/A,2025-08-28
,,N/A,2025-08-28
,,N/A,2025-08-28
,,N/A,2025-08-28
,,N/A,2025-08-28
,,N/A,2025-08-28
,,N/A,2025-08-28
,,N/A,2025-08-28
,,N/A,2025-08-28
,,N/A,2025-08-28
,,N/A,2025-08-28
,,N/A,2025-08-28
,,N/A,2025-08-28
,,N/A,2025-08-28
,,N/A,2025-08-28
,,N/A,2025-08-28
,,N/A,2025-08-28
,,N/A,2025-08-28
,,N/A,2025-08-28
,,N/A,2025-08-28
,,N/A,2025-08-28
,,N/A,2025-08-28
,,N/A,2025-08-28
,,N/A,2025-08-28
,,N/A,2025-08-28
,,N/A,2025-08-28
,,N/A,2025-08-28
,,N/A,2025-08-28
,,N/A,2025-08-28
,,N/A,2025-08-28
,,N/A,2025-08-28
,,N/A,2025-08-28
,,N/A,2025-08-28
,,N/A,2025-08-28
,,N/A,2025-08-28
,,N/A,2025-08-28
,,N/A,2025-08-28
,,N/A,2025-08-28
,,N/A,2025-08-28
,,N/A,2025-08-28
,,N/A,2025-08-28
,,N/A,2025-08-28
,,N/A,2025-08-28
,,N/A,2025-08-28
,,N/A,2025-08-28
,,N/A,2025-08-28
,,N/A,2025-08-28
,,N/A,2025-08-28
,,N/A,2025-08-28
,,N/A,2025-08-28
,,N/A,2025-08-28
,,N/A,2025-08-28
,,N/A,2025-08-28
,,N/A,2025-08-28
,,N/A,2025-08-28
,,N/A,2025-08-28
,,N/A,2025-08-28
,,N/A,2025-08-28
,,N/A,2025-08-28
,,N/A,2025-08-28
,,N/A,2025-08-28
,,N/A,2025-08-28
,,N/A,2025-08-28
,,N/A,2025-08-28
,,N/A,2025-08-28
,,N/A,2025-08-28
,,N/A,2025-08-28
,,N/A,2025-08-28
,,N/A,2025-08-28
,,N/A,2025-08-28
,,N/A,2025-08-28
,,N/A,2025-08-28
,,N/A,2025-08-28
,,N/A,2025-08-28
,,N/A,2025-08-28
,,N/A,2025-08-28
,,N/A,2025-08-28
,,N/A,2025-08-28
,,N/A,2025-08-28
,,N/A,2025-08-28
,,N/A,2025-08-28
,,N/A,2025-08-28
,,N/A,2025-08-28
,,N/A,2025-08-28
,,N/A,2025-08-28
,,N/A,2025-08-28
,,N/A,2025-08-28
,,N/A,2025-08-28
,,N/A,2025-08-28
,,N/A,2025-08-28
,,N/A,2025-08-28
,,N/A,2025-08-28
,,N/A,2025-08-28
,,N/A,2025-08-28
,,N/A,2025-08-28
,,N/A,2025-08-28
,,N/A,2025-08-28
,,N/A,2025-08-28
,,N/A,2025-08-28
,,N/A,2025-08-28
,,N/A,2025-08-28
,,N/A,2025-08-28
,,N/A,2025-08-28
,,N/A,2025-08-28
,,N/A,2025-08-28
,,N/A,2025-08-28
,,N/A,2025-08-28
,,N/A,2025-08-28
,,N/A,2025-08-28
,,N/A,2025-08-28
,,N/A,2025-08-28
,,N/A,2025-08-28
,,N/A,2025-08-28
,,N/A,2025-08-28
,,N/A,2025-08-28
,,N/A,2025-08-28
,,N/A,2025-08-28
,,N/A,2025-08-28
,,N/A,2025-08-28
,,N/A,2025-08-28
,,N/A,2025-08-28
,,N/A,2025-08-28
,,N/A,2025-08-28
,,N/A,2025-08-28
,,N/A,2025-08-28
,,N/A,2025-08-28
,,N/A,2025-08-28
,,N/A,2025-08-28
,,N/A,2025-08-28
,,N/A,2025-08-28
,,N/A,2025-08-28
,,N/A,2025-08-28
,,N/A,2025-08-28
,,N/A,2025-08-28
,,N/A,2025-08-28
,,N/A,2025-08-28
,,N/A,2025-08-28
,,N/A,2025-08-28
,,N/A,2025-08-28
,,N/A,2025-08-28
,,N/A,2025-08-28
,,N/A,2025-08-28
,,N/A,2025-08-28
,,N/A,2025-08-28
,,N/A,2025-08-28
,,N/A,2025-08-28
,,N/A,2025-08-28
,,N/A,2025-08-28
,,N/A,2025-08-28
,,N/A,2025-08-28
,,N/A,2025-08-28
,,N/A,2025-08-28
,,N/A,2025-08-28
,,N/A,2025-08-28
,,N/A,2025-08-28
,,N/A,2025-08-28
,,N/A,2025-08-28
,,N/A,2025-08-28
,,N/A,2025-08-28
,,N/A,2025-08-28
,,N/A,2025-08-28
,,N/A,2025-08-28
,,N/A,2025-08-28
,,N/A,2025-08-28
,,N/A,2025-08-28
,,N/A,2025-08-28
,,N/A,2025-08-28
,,N/A,2025-08-28
,,N/A,2025-08-28
,,N/A,2025-08-28
,,N/A,2025-08-28
,,N/A,2025-08-28
,,N/A,2025-08-28
,,N/A,2025-08-28
,,N/A,2025-08-28
,,N/A,2025-08-28
,,N/A,2025-08-28
,,N/A,2025-08-28
,,N/A,2025-08-28
,,N/A,2025-08-28
,,N/A,2025-08-28
,,N/A,2025-08-28
,,N/A,2025-08-28
,,N/A,2025-08-28
,,N/A,2025-08-28
,,N/A,2025-08-28
,,N/A,2025-08-28
,,N/A,2025-08-28
,,N/A,2025-08-28
,,N/A,2025-08-28
,,N/A,2025-08-28
,,N/A,2025-08-28
,,N/A,2025-08-28
,,N/A,2025-08-28
,,N/A,2025-08-28
,,N/A,2025-08-28
,,N/A,2025-08-28
,,N/A,2025-08-28
,,N/A,2025-08-28
,,N/A,2025-08-28
,,N/A,2025-08-28
,,N/A,2025-08-28
,,N/A,2025-08-28
,,N/A,2025-08-28
,,N/A,2025-08-28
,,N/A,2025-08-28
,,N/A,2025-08-28
,,N/A,2025-08-28
,,N/A,2025-08-28
,,N/A,2025-08-28
,,N/A,2025-08-28
,,N/A,2025-08-28
,,N/A,2025-08-28
,,N/A,2025-08-28
,,N/A,2025-08-28
,,N/A,2025-08-28
,,N/A,2025-08-28
,,N/A,2025-08-28
,,N/A,2025-08-28
,,N/A,2025-08-28
,,N/A,2025-08-28
,,N/A,2025-08-28
,,N/A,2025-08-28
,,N/A,2025-08-28
,,N/A,2025-08-28
,,N/A,2025-08-28
,,N/A,2025-08-28
,,N/A,2025-08-28
,,N/A,2025-08-28
,,N/A,2025-08-28
,,N/A,2025-08-28
,,N/A,2025-08-28
,,N/A,2025-08-28
,,N/A,2025-08-28
,,N/A,2025-08-28
,,N/A,2025-08-28
,,N/A,2025-08-28
,,N/A,2025-08-28
,,N/A,2025-08-28
,,N/A,2025-08-28
,,N/A,2025-08-28
,,N/A,2025-08-28
,,N/A,2025-08-28
,,N/A,2025-08-28
,,N/A,2025-08-28
,,N/A,2025-08-28
,,N/A,2025-08-28
,,N/A,2025-08-28
,,N/A,2025-08-28
,,N/A,2025-08-28
,,N/A,2025-08-28
,,N/A,2025-08-28
,,N/A,2025-08-28
,,N/A,2025-08-28
,,N/A,2025-08-28
,,N/A,2025-08-28
,,N/A,2025-08-28
,,N/A,2025-08-28
,,N/A,2025-08-28
,,N/A,2025-08-28
,,N/A,2025-08-28
,,N/A,2025-08-28
,,N/A,2025-08-28
,,N/A,2025-08-28
,,N/A,2025-08-28
,,N/A,2025-08-28
,,N/A,2025-08-28
,,N/A,2025-08-28
,,N/A,2025-08-28
,,N/A,2025-08-28
,,N/A,2025-08-28
,,N/A,2025-08-28
,,N/A,2025-08-28
,,N/A,2025-08-28
,,N/A,2025-08-28
,,N/A,2025-08-28
,,N/A,2025-08-28
,,N/A,2025-08-28
,,N/A,2025-08-28
,,N/A,2025-08-28
,,N/A,2025-08-28
,,N/A,2025-08-28
,,N/A,2025-08-28
,,N/A,2025-08-28
,,N/A,2025-08-28
,,N/A,2025-08-28
,,N/A,2025-08-28
,,N/A,2025-08-28
,,N/A,2025-08-28
,,N/A,2025-08-28
,,N/A,2025-08-28
,,N/A,2025-08-28
,,N/A,2025-08-28
,,N/A,2025-08-28
,,N/A,2025-08-28
,,N/A,2025-08-28
,,N/A,2025-08-28
,,N/A,2025-08-28
,,N/A,2025-08-28
,,N/A,2025-08-28
,,N/A,2025-08-28
,,N/A,2025-08-28
,,N/A,2025-08-28
,,N/A,2025-08-28
,,N/A,2025-08-28
,,N/A,2025-08-28
,,N/A,2025-08-28
,,N/A,2025-08-28
,,N/A,2025-08-28
,,N/A,2025-08-28
,,N/A,2025-08-28
,,N/A,2025-08-28
,,N/A,2025-08-28
,,N/A,2025-08-28
,,N/A,2025-08-28
,,N/A,2025-08-28
,,N/A,2025-08-28
,,N/A,2025-08-28
,,N/A,2025-08-28
,,N/A,2025-08-28
,,N/A,2025-08-28
,,N/A,2025-08-28
,,N/A,2025-08-28
,,N/A,2025-08-28
,,N/A,2025-08-28
,,N/A,2025-08-28
,,N/A,2025-08-28
,,N/A,2025-08-28
,,N/A,2025-08-28
,,N/A,2025-08-28
,,N/A,2025-08-28
,,N/A,2025-08-28
,,N/A,2025-08-28
,,N/A,2025-08-28
,,N/A,2025-08-28
,,N/A,2025-08-28
,,N/A,2025-08-28
,,N/A,2025-08-28
,,N/A,2025-08-28
,,N/A,2025-08-28
,,N/A,2025-08-28
,,N/A,2025-08-28
,,N/A,2025-08-28
,,N/A,2025-08-28
,,N/A,2025-08-28
,,N/A,2025-08-28
,,N/A,2025-08-28
,,N/A,2025-08-28
,,N/A,2025-08-28
,,N/A,2025-08-28
,,N/A,2025-08-28
,,N/A,2025-08-28
,,N/A,2025-08-28
,,N/A,2025-08-28
,,N/A,2025-08-28
,,N/A,2025-08-28
,,N/A,2025-08-28
,,N/A,2025-08-28
,,N/A,2025-08-28
,,N/A,2025-08-28
,,N/A,2025-08-28
,,N/A,2025-08-28
,,N/A,2025-08-28
,,N/A,2025-08-28
,,N/A,2025-08-28
,,N/A,2025-08-28
,,N/A,2025-08-28
,,N/A,2025-08-28
,,N/A,2025-08-28
,,N/A,2025-08-28
,,N/A,2025-08-28
,,N/A,2025-08-28
,,N/A,2025-08-28
,,N/A,2025-08-28
,,N/A,2025-08-28
,,N/A,2025-08-28
,,N/A,2025-08-28
,,N/A,2025-08-28
,,N/A,2025-08-28
,,N/A,2025-08-28
,,N/A,2025-08-28
,,N/A,2025-08-28
,,N/A,2025-08-28
,,N/A,2025-08-28
,,N/A,2025-08-28
,,N/A,2025-08-28
,,N/A,2025-08-28
,,N/A,2025-08-28
,,N/A,2025-08-28
,,N/A,2025-08-28
,,N/A,2025-08-28
,,N/A,2025-08-28
,,N/A,2025-08-28
,,N/A,2025-08-28
,,N/A,2025-08-28
,,N/A,2025-08-28
,,N/A,2025-08-28
,,N/A,2025-08-28
,,N/A,2025-08-28
,,N/A,2025-08-28
,,N/A,2025-08-28
,,N/A,2025-08-28
,,N/A,2025-08-28
,,N/A,2025-08-28
,,N/A,2025-08-28
,,N/A,2025-08-28
,,N/A,2025-08-28
,,N/A,2025-08-28
,,N/A,2025-08-28
,,N/A,2025-08-28
,,N/A,2025-08-28
,,N/A,2025-08-28
,,N/A,2025-08-28
,,N/A,2025-08-28
,,N/A,2025-08-28
,,N/A,2025-08-28
,,N/A,2025-08-28
,,N/A,2025-08-28
,,N/A,2025-08-28
,,N/A,2025-08-28
,,N/A,2025-08-28
,,N/A,2025-08-28
,,N/A,2025-08-28
,,N/A,2025-08-28
,,N/A,2025-08-28
,,N/A,2025-08-28
,,N/A,2025-08-28
,,N/A,2025-08-28
,,N/A,2025-08-28
,,N/A,2025-08-28
,,N/A,2025-08-28
,,N/A,2025-08-28
,,N/A,2025-08-28
,,N/A,2025-08-28
,,N/A,2025-08-28
,,N/A,2025-08-28
,,N/A,2025-08-28
,,N/A,2025-08-28
,,N/A,2025-08-28
,,N/A,2025-08-28
,,N/A,2025-08-28
,,N/A,2025-08-28
,,N/A,2025-08-28
,,N/A,2025-08-28
,,N/A,2025-08-28
,,N/A,2025-08-28
,,N/A,2025-08-28
,,N/A,2025-08-28
,,N/A,2025-08-28
,,N/A,2025-08-28
,,N/A,2025-08-28
,,N/A,2025-08-28
,,N/A,2025-08-28
,,N/A,2025-08-28
,,N/A,2025-08-28
,,N/A,2025-08-28
,,N/A,2025-08-28
,,N/A,2025-08-28
,,N/A,2025-08-28
,,N/A,2025-08-28
,,N/A,2025-08-28
,,N/A,2025-08-28
,,N/A,2025-08-28
,,N/A,2025-08-28
,,N/A,2025-08-28
,,N/A,2025-08-28
,,N/A,2025-08-28
,,N/A,2025-08-28
,,N/A,2025-08-28
,,N/A,2025-08-28
,,N/A,2025-08-28
,,N/A,2025-08-28
,,N/A,2025-08-28
,,N/A,2025-08-28
,,N/A,2025-08-28
,,N/A,2025-08-28
,,N/A,2025-08-28
,,N/A,2025-08-28
,,N/A,2025-08-28
,,N/A,2025-08-28
,,N/A,2025-08-28
,,N/A,2025-08-28
,,N/A,2025-08-28
,,N/A,2025-08-28
,,N/A,2025-08-28
,,N/A,2025-08-28
,,N/A,2025-08-28
,,N/A,2025-08-28
,,N/A,2025-08-28
,,N/A,2025-08-28
,,N/A,2025-08-28
,,N/A,2025-08-28
,,N/A,2025-08-28
,,N/A,2025-08-28
,,N/A,2025-08-28
,,N/A,2025-08-28
,,N/A,2025-08-28
,,N/A,2025-08-28
,,N/A,2025-08-28
,,N/A,2025-08-28
,,N/A,2025-08-28
,,N/A,2025-08-28
,,N/A,2025-08-28
,,N/A,2025-08-28
,,N/A,2025-08-28
,,N/A,2025-08-28
,,N/A,2025-08-28
,,N/A,2025-08-28
,,N/A,2025-08-28
,,N/A,2025-08-28
,,N/A,2025-08-28
,,N/A,2025-08-28
,,N/A,2025-08-28
,,N/A,2025-08-28
,,N/A,2025-08-28
,,N/A,2025-08-28
,,N/A,2025-08-28
,,N/A,2025-08-28
,,N/A,2025-08-28
,,N/A,2025-08-28
,,N/A,2025-08-28
,,N/A,2025-08-28
,,N/A,2025-08-28
,,N/A,2025-08-28
,,N/A,2025-08-28
,,N/A,2025-08-28
,,N/A,2025-08-28
,,N/A,2025-08-28
,,N/A,2025-08-28
,,N/A,2025-08-28
,,N/A,2025-08-28
,,N/A,2025-08-28
,,N/A,2025-08-28
,,N/A,2025-08-28
,,N/A,2025-08-28
,,N/A,2025-08-28
,,N/A,2025-08-28
,,N/A,2025-08-28
,,N/A,2025-08-28
,,N/A,2025-08-28
,,N/A,2025-08-28
,,N/A,2025-08-28
,,N/A,2025-08-28
,,N/A,2025-08-28
,,N/A,2025-08-28
,,N/A,2025-08-28
,,N/A,2025-08-28
,,N/A,2025-08-28
,,N/A,2025-08-28
,,N/A,2025-08-28
,,N/A,2025-08-28
,,N/A,2025-08-28
,,N/A,2025-08-28
,,N/A,2025-08-28
,,N/A,2025-08-28
,,N/A,2025-08-28
,,N/A,2025-08-28
,,N/A,2025-08-28
,,N/A,2025-08-28
,,N/A,2025-08-28
,,N/A,2025-08-28
,,N/A,2025-08-28
,,N/A,2025-08-28
,,N/A,2025-08-28
,,N/A,2025-08-28
,,N/A,2025-08-28
,,N/A,2025-08-28
,,N/A,2025-08-28
,,N/A,2025-08-28
,,N/A,2025-08-28
,,N/A,2025-08-28
,,N/A,2025-08-28
,,N/A,2025-08-28
,,N/A,2025-08-28
,,N/A,2025-08-28
,,N/A,2025-08-28
,,N/A,2025-08-28
,,N/A,2025-08-28
,,N/A,2025-08-28
,,N/A,2025-08-28
,,N/A,2025-08-28
,,N/A,2025-08-28
,,N/A,2025-08-28
,,N/A,2025-08-28
,,N/A,2025-08-28
,,N/A,2025-08-28
,,N/A,2025-08-28
,,N/A,2025-08-28
,,N/A,2025-08-28
,,N/A,2025-08-28
,,N/A,2025-08-28
,,N/A,2025-08-28
,,N/A,2025-08-28
,,N/A,2025-08-28
,,N/A,2025-08-28
,,N/A,2025-08-28
,,N/A,2025-08-28
,,N/A,2025-08-28
,,N/A,2025-08-28
,,N/A,2025-08-28
,,N/A,2025-08-28
,,N/A,2025-08-28
,,N/A,2025-08-28
,,N/A,2025-08-28
,,N/A,2025-08-28
,,N/A,2025-08-28
,,N/A,2025-08-28
,,N/A,2025-08-28
,,N/A,2025-08-28
,,N/A,2025-08-28
,,N/A,2025-08-28
,,N/A,2025-08-28
,,N/A,2025-08-28
,,N/A,2025-08-28
,,N/A,2025-08-28
,,N/A,2025-08-28
,,N/A,2025-08-28
,,N/A,2025-08-28
,,N/A,2025-08-28
,,N/A,2025-08-28
,,N/A,2025-08-28
,,N/A,2025-08-28
,,N/A,2025-08-28
,,N/A,2025-08-28
,,N/A,2025-08-28
,,N/A,2025-08-28
,,N/A,2025-08-28
,,N/A,2025-08-28
,,N/A,2025-08-28
,,N/A,2025-08-28
,,N/A,2025-08-28
,,N/A,2025-08-28
,,N/A,2025-08-28
,,N/A,2025-08-28
,,N/A,2025-08-28
,,N/A,2025-08-28
,,N/A,2025-08-28
,,N/A,2025-08-28
,,N/A,2025-08-28
,,N/A,2025-08-28
,,N/A,2025-08-28
,,N/A,2025-08-28
,,N/A,2025-08-28
,,N/A,2025-08-28
,,N/A,2025-08-28
,,N/A,2025-08-28
,,N/A,2025-08-28
,,N/A,2025-08-28
,,N/A,2025-08-28
,,N/A,2025-08-28
,,N/A,2025-08-28
,,N/A,2025-08-28
,,N/A,2025-08-28
,,N/A,2025-08-28
,,N/A,2025-08-28
,,N/A,2025-08-28
,,N/A,2025-08-28
,,N/A,2025-08-28
,,N/A,2025-08-28
,,N/A,2025-08-28
,,N/A,2025-08-28
,,N/A,2025-08-28
,,N/A,2025-08-28
,,N/A,2025-08-28
,,N/A,2025-08-28
,,N/A,2025-08-28
,,N/A,2025-08-28
,,N/A,2025-08-28
,,N/A,2025-08-28
,,N/A,2025-08-28
,,N/A,2025-08-28
,,N/A,2025-08-28
,,N/A,2025-08-28
,,N/A,2025-08-28
,,N/A,2025-08-28
,,N/A,2025-08-28
,,N/A,2025-08-28
,,N/A,2025-08-28
,,N/A,2025-08-28
,,N/A,2025-08-28
,,N/A,2025-08-28
,,N/A,2025-08-28
,,N/A,2025-08-28
,,N/A,2025-08-28
,,N/A,2025-05-30
,,N/A,2025-05-30
,,N/A,2025-05-30
,,N/A,2025-05-30
,,N/A,2025-05-30
,,N/A,2025-05-30
,,N/A,2025-05-30
,,N/A,2025-05-30
,,N/A,2025-05-30
,,N/A,2025-05-30
,,N/A,2025-05-30
,,N/A,2025-05-30
,,N/A,2025-05-30
,,N/A,2025-05-30
,,N/A,2025-05-30
,,N/A,2025-05-30
,,N/A,2025-05-30
,,N/A,2025-05-30
,,N/A,2025-05-30
,,N/A,2025-05-30
,,N/A,2025-05-30
,,N/A,2025-05-30
,,N/A,2025-05-30
,,N/A,2025-05-30
,,N/A,2025-05-30
,,N/A,2025-05-30
,,N/A,2025-05-30
,,N/A,2025-05-30
,,N/A,2025-05-30
,,N/A,2025-05-30
,,N/A,2025-05-30
,,N/A,2025-05-30
,,N/A,2025-05-30
,,N/A,2025-05-30
,,N/A,2025-05-30
,,N/A,2025-05-30
,,N/A,2025-05-30
,,N/A,2025-05-30
,,N/A,2025-05-30
,,N/A,2025-05-30
,,N/A,2025-05-30
,,N/A,2025-05-30
,,N/A,2025-05-30
,,N/A,2025-05-30
,,N/A,2025-05-30
,,N/A,2025-05-30
,,N/A,2025-05-30
,,N/A,2025-05-30
,,N/A,2025-05-30
,,N/A,2025-05-30
,,N/A,2025-05-30
,,N/A,2025-05-30
,,N/A,2025-05-30
,,N/A,2025-05-30
,,N/A,2025-05-30
,,N/A,2025-05-30
,,N/A,2025-05-30
,,N/A,2025-05-30
,,N/A,2025-05-30
,,N/A,2025-05-30
,,N/A,2025-05-30
,,N/A,2025-05-30
,,N/A,2025-05-30
,,N/A,2025-05-30
,,N/A,2025-05-30
,,N/A,2025-05-30
,,N/A,2025-05-30
,,N/A,2025-05-30
,,N/A,2025-05-30
,,N/A,2025-05-30
,,N/A,2025-05-30
,,N/A,2025-05-30
,,N/A,2025-05-30
,,N/A,2025-05-30
,,N/A,2025-05-30
,,N/A,2025-05-30
,,N/A,2025-05-30
,,N/A,2025-05-30
,,N/A,2025-05-30
,,N/A,2025-05-30
,,N/A,2025-05-30
,,N/A,2025-05-30
,,N/A,2025-05-30
,,N/A,2025-05-30
,,N/A,2025-05-30
,,N/A,2025-05-30
,,N/A,2025-05-30
,,N/A,2025-05-30
,,N/A,2025-05-30
,,N/A,2025-05-30
,,N/A,2025-05-30
,,N/A,2025-05-30
,,N/A,2025-05-30
,,N/A,2025-05-30
,,N/A,2025-05-30
,,N/A,2025-05-30
,,N/A,2025-05-30
,,N/A,2025-05-30
,,N/A,2025-05-30
,,N/A,2025-05-30
,,N/A,2025-05-30
,,N/A,2025-05-30
,,N/A,2025-05-30
,,N/A,2025-05-30
,,N/A,2025-05-30
,,N/A,2025-05-30
,,N/A,2025-05-30
,,N/A,2025-05-30
,,N/A,2025-05-30
,,N/A,2025-05-30
,,N/A,2025-05-30
,,N/A,2025-05-30
,,N/A,2025-05-30
,,N/A,2025-05-30
,,N/A,2025-05-30
,,N/A,2025-05-30
,,N/A,2025-05-30
,,N/A,2025-05-30
,,N/A,2025-05-30
,,N/A,2025-05-30
,,N/A,2025-05-30
,,N/A,2025-05-30
,,N/A,2025-05-30
,,N/A,2025-05-30
,,N/A,2025-05-30
,,N/A,2025-05-30
,,N/A,2025-05-30
,,N/A,2025-05-30
,,N/A,2025-05-30
,,N/A,2025-05-30
,,N/A,2025-05-30
,,N/A,2025-05-30
,,N/A,2025-05-30
,,N/A,2025-05-30
,,N/A,2025-05-30
,,N/A,2025-05-30
,,N/A,2025-05-30
,,N/A,2025-05-30
,,N/A,2025-05-30
,,N/A,2025-05-30
,,N/A,2025-05-30
,,N/A,2025-05-30
,,N/A,2025-05-30
,,N/A,2025-05-30
,,N/A,2025-05-30
,,N/A,2025-05-30
,,N/A,2025-05-30
,,N/A,2025-05-30
,,N/A,2025-05-30
,,N/A,2025-05-30
,,N/A,2025-05-30
,,N/A,2025-05-30
,,N/A,2025-05-30
,,N/A,2025-05-30
,,N/A,2025-05-30
,,N/A,2025-05-30
,,N/A,2025-05-30
,,N/A,2025-05-30
,,N/A,2025-05-30
,,N/A,2025-05-30
,,N/A,2025-05-30
,,N/A,2025-05-30
,,N/A,2025-05-30
,,N/A,2025-05-30
,,N/A,2025-05-30
,,N/A,2025-05-30
,,N/A,2025-05-30
,,N/A,2025-05-30
,,N/A,2025-05-30
,,N/A,2025-05-30
,,N/A,2025-05-30
,,N/A,2025-05-30
,,N/A,2025-05-30
,,N/A,2025-05-30
,,N/A,2025-05-30
,,N/A,2025-05-30
,,N/A,2025-05-30
,,N/A,2025-05-30
,,N/A,2025-05-30
,,N/A,2025-05-30
,,N/A,2025-05-30
,,N/A,2025-05-30
,,N/A,2025-05-30
,,N/A,2025-05-30
,,N/A,2025-05-30
,,N/A,2025-05-30
,,N/A,2025-05-30
,,N/A,2025-05-30
,,N/A,2025-05-30
,,N/A,2025-05-30
,,N/A,2025-05-30
,,N/A,2025-05-30
,,N/A,2025-05-30
,,N/A,2025-05-30
,,N/A,2025-05-30
,,N/A,2025-05-30
,,N/A,2025-05-30
,,N/A,2025-05-30
,,N/A,2025-05-30
,,N/A,2025-05-30
,,N/A,2025-05-30
,,N/A,2025-05-30
,,N/A,2025-05-30
,,N/A,2025-05-30
,,N/A,2025-05-30
,,N/A,2025-05-30
,,N/A,2025-05-30
,,N/A,2025-05-30
,,N/A,2025-05-30
,,N/A,2025-05-30
,,N/A,2025-05-30
,,N/A,2025-05-30
,,N/A,2025-05-30
,,N/A,2025-05-30
,,N/A,2025-05-30
,,N/A,2025-05-30
,,N/A,2025-05-30
,,N/A,2025-05-30
,,N/A,2025-05-30
,,N/A,2025-05-30
,,N/A,2025-05-30
,,N/A,2025-05-30
,,N/A,2025-05-30
,,N/A,2025-05-30
,,N/A,2025-05-30
,,N/A,2025-05-30
,,N/A,2025-05-30
,,N/A,2025-05-30
,,N/A,2025-05-30
,,N/A,2025-05-30
,,N/A,2025-05-30
,,N/A,2025-05-30
,,N/A,2025-05-30
,,N/A,2025-05-30
,,N/A,2025-05-30
,,N/A,2025-05-30
,,N/A,2025-05-30
,,N/A,2025-05-30
,,N/A,2025-05-30
,,N/A,2025-05-30
,,N/A,2025-05-30
,,N/A,2025-05-30
,,N/A,2025-05-30
,,N/A,2025-05-30
,,N/A,2025-05-30
,,N/A,2025-05-30
,,N/A,2025-05-30
,,N/A,2025-05-30
,,N/A,2025-05-30
,,N/A,2025-05-30
,,N/A,2025-05-30
,,N/A,2025-05-30
,,N/A,2025-05-30
,,N/A,2025-05-30
,,N/A,2025-05-30
,,N/A,2025-05-30
,,N/A,2025-05-30
,,N/A,2025-05-30
,,N/A,2025-05-30
,,N/A,2025-05-30
,,N/A,2025-05-30
,,N/A,2025-05-30
,,N/A,2025-05-30
,,N/A,2025-05-30
,,N/A,2025-05-30
,,N/A,2025-05-30
,,N/A,2025-05-30
,,N/A,2025-05-30
,,N/A,2025-05-30
,,N/A,2025-05-30
,,N/A,2025-05-30
,,N/A,2025-05-30
,,N/A,2025-05-30
,,N/A,2025-05-30
,,N/A,2025-05-30
,,N/A,2025-05-30
,,N/A,2025-05-30
,,N/A,2025-05-30
,,N/A,2025-05-30
,,N/A,2025-05-30
,,N/A,2025-05-30
,,N/A,2025-05-30
,,N/A,2025-05-30
,,N/A,2025-05-30
,,N/A,2025-05-30
,,N/A,2025-05-30
,,N/A,2025-05-30
,,N/A,2025-05-30
,,N/A,2025-05-30
,,N/A,2025-05-30
,,N/A,2025-05-30
,,N/A,2025-05-30
,,N/A,2025-05-30
,,N/A,2025-05-30
,,N/A,2025-05-30
,,N/A,2025-05-30
,,N/A,2025-05-30
,,N/A,2025-05-30
,,N/A,2025-05-30
,,N/A,2025-05-30
,,N/A,2025-05-30
,,N/A,2025-05-30
,,N/A,2025-05-30
,,N/A,2025-05-30
,,N/A,2025-05-30
,,N/A,2025-05-30
,,N/A,2025-05-30
,,N/A,2025-05-30
,,N/A,2025-05-30
,,N/A,2025-05-30
,,N/A,2025-05-30
,,N/A,2025-05-30
,,N/A,2025-05-30
,,N/A,2025-05-30
,,N/A,2025-05-30
,,N/A,2025-05-30
,,N/A,2025-05-30
,,N/A,2025-05-30
,,N/A,2025-05-30
,,N/A,2025-05-30
,,N/A,2025-05-30
,,N/A,2025-05-30
,,N/A,2025-05-30
,,N/A,2025-05-30
,,N/A,2025-05-30
,,N/A,2025-05-30
,,N/A,2025-05-30
,,N/A,2025-05-30
,,N/A,2025-05-30
,,N/A,2025-05-30
,,N/A,2025-05-30
,,N/A,2025-05-30
,,N/A,2025-05-30
,,N/A,2025-05-30
,,N/A,2025-05-30
,,N/A,2025-05-30
,,N/A,2025-05-30
,,N/A,2025-05-30
,,N/A,2025-05-30
,,N/A,2025-05-30
,,N/A,2025-05-30
,,N/A,2025-05-30
,,N/A,2025-05-30
,,N/A,2025-05-30
,,N/A,2025-05-30
,,N/A,2025-05-30
,,N/A,2025-05-30
,,N/A,2025-05-30
,,N/A,2025-05-30
,,N/A,2025-05-30
,,N/A,2025-05-30
,,N/A,2025-05-30
,,N/A,2025-05-30
,,N/A,2025-05-30
,,N/A,2025-05-30
,,N/A,2025-05-30
,,N/A,2025-05-30
,,N/A,2025-05-30
,,N/A,2025-05-30
,,N/A,2025-05-30
,,N/A,2025-05-30
,,N/A,2025-05-30
,,N/A,2025-05-30
,,N/A,2025-05-30
,,N/A,2025-05-30
,,N/A,2025-05-30
,,N/A,2025-05-30
,,N/A,2025-05-30
,,N/A,2025-05-30
,,N/A,2025-05-30
,,N/A,2025-05-30
,,N/A,2025-05-30
,,N/A,2025-05-30
,,N/A,2025-05-30
,,N/A,2025-05-30
,,N/A,2025-05-30
,,N/A,2025-05-30
,,N/A,2025-05-30
,,N/A,2025-05-30
,,N/A,2025-05-30
,,N/A,2025-05-30
,,N/A,2025-05-30
,,N/A,2025-05-30
,,N/A,2025-05-30
,,N/A,2025-05-30
,,N/A,2025-05-30
,,N/A,2025-05-30
,,N/A,2025-05-30
,,N/A,2025-05-30
,,N/A,2025-05-30
,,N/A,2025-05-30
,,N/A,2025-05-30
,,N/A,2025-05-30
,,N/A,2025-05-30
,,N/A,2025-05-30
,,N/A,2025-05-30
,,N/A,2025-05-30
,,N/A,2025-05-30
,,N/A,2025-05-30
,,N/A,2025-05-30
,,N/A,2025-05-30
,,N/A,2025-05-30
,,N/A,2025-05-30
,,N/A,2025-05-30
,,N/A,2025-05-30
,,N/A,2025-05-30
,,N/A,2025-05-30
,,N/A,2025-05-30
,,N/A,2025-05-30
,,N/A,2025-05-30
,,N/A,2025-05-30
,,N/A,2025-05-30
,,N/A,2025-05-30
,,N/A,2025-05-30
,,N/A,2025-05-30
,,N/A,2025-05-30
,,N/A,2025-05-30
,,N/A,2025-05-30
,,N/A,2025-05-30
,,N/A,2025-05-30
,,N/A,2025-05-30
,,N/A,2025-05-30
,,N/A,2025-05-30
,,N/A,2025-05-30
,,N/A,2025-05-30
,,N/A,2025-05-30
,,N/A,2025-05-30
,,N/A,2025-05-30
,,N/A,2025-05-30
,,N/A,2025-05-30
,,N/A,2025-05-30
,,N/A,2025-05-30
,,N/A,2025-05-30
,,N/A,2025-05-30
,,N/A,2025-05-30
,,N/A,2025-05-30
,,N/A,2025-05-30
,,N/A,2025-05-30
,,N/A,2025-05-30
,,N/A,2025-05-30
,,N/A,2025-05-30
,,N/A,2025-05-30
,,N/A,2025-05-30
,,N/A,2025-05-30
,,N/A,2025-05-30
,,N/A,2025-05-30
,,N/A,2025-05-30
,,N/A,2025-05-30
,,N/A,2025-05-30
,,N/A,2025-05-30
,,N/A,2025-05-30
,,N/A,2025-05-30
,,N/A,2025-05-30
,,N/A,2025-05-30
,,N/A,2025-05-30
,,N/A,2025-05-30
,,N/A,2025-05-30
,,N/A,2025-05-30
,,N/A,2025-05-30
,,N/A,2025-05-30
,,N/A,2025-05-30
,,N/A,2025-05-30
,,N/A,2025-05-30
,,N/A,2025-05-30
,,N/A,2025-05-30
,,N/A,2025-05-30
,,N/A,2025-05-30
,,N/A,2025-05-30
,,N/A,2025-05-30
,,N/A,2025-05-30
,,N/A,2025-05-30
,,N/A,2025-05-30
,,N/A,2025-05-30
,,N/A,2025-05-30
,,N/A,2025-05-30
,,N/A,2025-05-30
,,N/A,2025-05-30
,,N/A,2025-05-30
,,N/A,2025-05-30
,,N/A,2025-05-30
,,N/A,2025-05-30
,,N/A,2025-05-30
,,N/A,2025-05-30
,,N/A,2025-05-30
,,N/A,2025-05-30
,,N/A,2025-05-30
,,N/A,2025-05-30
,,N/A,2025-05-30
,,N/A,2025-05-30
,,N/A,2025-05-30
,,N/A,2025-05-30
,,N/A,2025-05-30
,,N/A,2025-05-30
,,N/A,2025-05-30
,,N/A,2025-05-30
,,N/A,2025-05-30
,,N/A,2025-05-30
,,N/A,2025-05-30
,,N/A,2025-05-30
,,N/A,2025-05-30
,,N/A,2025-05-30
,,N/A,2025-05-30
,,N/A,2025-05-30
,,N/A,2025-05-30
,,N/A,2025-05-30
,,N/A,2025-05-30
,,N/A,2025-05-30
,,N/A,2025-05-30
,,N/A,2025-05-30
,,N/A,2025-05-30
,,N/A,2025-05-30
,,N/A,2025-05-30
,,N/A,2025-05-30
,,N/A,2025-05-30
,,N/A,2025-05-30
,,N/A,2025-05-30
,,N/A,2025-05-30
,,N/A,2025-05-30
,,N/A,2025-05-30
,,N/A,2025-05-30
,,N/A,2025-05-30
,,N/A,2025-05-30
,,N/A,2025-05-30
,,N/A,2025-05-30
,,N/A,2025-05-30
,,N/A,2025-05-30
,,N/A,2025-05-30
,,N/A,2025-05-30
,,N/A,2025-05-30
,,N/A,2025-05-30
,,N/A,2025-05-30
,,N/A,2025-05-30
,,N/A,2025-05-30
,,N/A,2025-05-30
,,N/A,2025-05-30
,,N/A,2025-05-30
,,N/A,2025-05-30
,,N/A,2025-05-30
,,N/A,2025-05-30
,,N/A,2025-05-30
,,N/A,2025-05-30
,,N/A,2025-05-30
,,N/A,2025-05-30
,,N/A,2025-05-30
,,N/A,2025-05-30
,,N/A,2025-05-30
,,N/A,2025-05-30
,,N/A,2025-05-30
,,N/A,2025-05-30
,,N/A,2025-05-30
,,N/A,2025-05-30
,,N/A,2025-05-30
,,N/A,2025-05-30
,,N/A,2025-05-30
,,N/A,2025-05-30
,,N/A,2025-05-30
,,N/A,2025-05-30
,,N/A,2025-05-30
,,N/A,2025-05-30
,,N/A,2025-05-30
,,N/A,2025-05-30
,,N/A,2025-05-30
,,N/A,2025-05-30
,,N/A,2025-05-30
,,N/A,2025-05-30
,,N/A,2025-05-30
,,N/A,2025-05-30
,,N/A,2025-05-30
,,N/A,2025-05-30
,,N/A,2025-05-30
,,N/A,2025-05-30
,,N/A,2025-05-30
,,N/A,2025-05-30
,,N/A,2025-05-30
,,N/A,2025-05-30
,,N/A,2025-05-30
,,N/A,2025-05-30
,,N/A,2025-05-30
,,N/A,2025-05-30
,,N/A,2025-05-30
,,N/A,2025-05-30
,,N/A,2025-05-30
,,N/A,2025-05-30
,,N/A,2025-05-30
,,N/A,2025-05-30
,,N/A,2025-05-30
,,N/A,2025-05-30
,,N/A,2025-05-30
,,N/A,2025-05-30
,,N/A,2025-05-30
,,N/A,2025-05-30
,,N/A,2025-05-30
,,N/A,2025-05-30
,,N/A,2025-05-30
,,N/A,2025-05-30
,,N/A,2025-05-30
,,N/A,2025-05-30
,,N/A,2025-05-30
,,N/A,2025-05-30
,,N/A,2025-05-30
,,N/A,2025-05-30
,,N/A,2025-05-30
,,N/A,2025-05-30
,,N/A,2025-05-30
,,N/A,2025-05-30
,,N/A,2025-05-30
,,N/A,2025-05-30
,,N/A,2025-05-30
,,N/A,2025-05-30
,,N/A,2025-05-30
,,N/A,2025-05-30
,,N/A,2025-05-30
,,N/A,2025-05-30
,,N/A,2025-05-30
,,N/A,2025-05-30
,,N/A,2025-05-30
,,N/A,2025-05-30
,,N/A,2025-05-30
,,N/A,2025-05-30
,,N/A,2025-05-30
,,N/A,2025-05-30
,,N/A,2025-05-30
,,N/A,2025-05-30
,,N/A,2025-05-30
,,N/A,2025-05-30
,,N/A,2025-05-30
,,N/A,2025-05-30
,,N/A,2025-05-30
,,N/A,2025-05-30
,,N/A,2025-05-30
,,N/A,2025-05-30
,,N/A,2025-05-30
,,N/A,2025-05-30
,,N/A,2025-05-30
,,N/A,2025-05-30
,,N/A,2025-05-30
,,N/A,2025-05-30
,,N/A,2025-05-30
,,N/A,2025-05-30
,,N/A,2025-05-30
,,N/A,2025-05-30
,,N/A,2025-05-30
,,N/A,2025-05-30
,,N/A,2025-05-30
,,N/A,2025-05-30
,,N/A,2025-05-30
,,N/A,2025-05-30
,,N/A,2025-05-30
,,N/A,2025-05-30
,,N/A,2025-05-30
,,N/A,2025-05-30
,,N/A,2025-05-30
,,N/A,2025-05-30
,,N/A,2025-05-30
,,N/A,2025-05-30
,,N/A,2025-05-30
,,N/A,2025-05-30
,,N/A,2025-05-30
,,N/A,2025-05-30
,,N/A,2025-05-30
,,N/A,2025-05-30
,,N/A,2025-05-30
,,N/A,2025-05-30
,,N/A,2025-05-30
,,N/A,2025-05-30
,,N/A,2025-05-30
,,N/A,2025-05-30
,,N/A,2025-05-30
,,N/A,2025-05-30
,,N/A,2025-05-30
,,N/A,2025-05-30
,,N/A,2025-05-30
,,N/A,2025-05-30
,,N/A,2025-05-30
,,N/A,2025-05-30
,,N/A,2025-05-30
,,N/A,2025-05-30
,,N/A,2025-05-30
,,N/A,2025-05-30
,,N/A,2025-05-30
,,N/A,2025-05-30
,,N/A,2025-05-30
,,N/A,2025-05-30
,,N/A,2025-05-30
,,N/A,2025-05-30
,,N/A,2025-05-30
,,N/A,2025-05-30
,,N/A,2025-05-30
,,N/A,2025-05-30
,,N/A,2025-05-30
,,N/A,2025-05-30
,,N/A,2025-05-30
,,N/A,2025-05-30
,,N/A,2025-05-30
,,N/A,2025-05-30
,,N/A,2025-05-30
,,N/A,2025-05-30
,,N/A,2025-05-30
,,N/A,2025-05-30
,,N/A,2025-05-30
,,N/A,2025-05-30
,,N/A,2025-05-30
,,N/A,2025-05-30
,,N/A,2025-05-30
,,N/A,2025-05-30
,,N/A,2025-05-30
,,N/A,2025-05-30
,,N/A,2025-05-30
,,N/A,2025-05-30
,,N/A,2025-05-30
,,N/A,2025-05-30
,,N/A,2025-05-30
,,N/A,2025-05-30
,,N/A,2025-05-30
,,N/A,2025-05-30
,,N/A,2025-05-30
,,N/A,2025-05-30
,,N/A,2025-05-30
,,N/A,2025-05-30
,,N/A,2025-05-30
,,N/A,2025-05-30
,,N/A,2025-05-30
,,N/A,2025-05-30
,,N/A,2025-05-30
,,N/A,2025-05-30
,,N/A,2025-05-30
,,N/A,2025-05-30
,,N/A,2025-05-30
,,N/A,2025-05-30
,,N/A,2025-05-30
,,N/A,2025-05-30
,,N/A,2025-05-30
,,N/A,2025-05-30
,,N/A,2025-05-30
,,N/A,2025-05-30
,,N/A,2025-05-30
,,N/A,2025-05-30
,,N/A,2025-05-30
,,N/A,2025-05-30
,,N/A,2025-05-30
,,N/A,2025-05-30
,,N/A,2025-05-30
,,N/A,2025-05-30
,,N/A,2025-05-30
,,N/A,2025-05-30
,,N/A,2025-05-30
,,N/A,2025-05-30
,,N/A,2025-05-30
,,N/A,2025-05-30
,,N/A,2025-05-30
,,N/A,2025-05-30
,,N/A,2025-05-30
,,N/A,2025-05-30
,,N/A,2025-05-30
,,N/A,2025-05-30
,,N/A,2025-05-30
,,N/A,2025-05-30
,,N/A,2025-05-30
,,N/A,2025-05-30
,,N/A,2025-05-30
,,N/A,2025-05-30
,,N/A,2025-05-30
,,N/A,2025-05-30
,,N/A,2025-05-30
,,N/A,2025-05-30
,,N/A,2025-05-30
,,N/A,2025-05-30
,,N/A,2025-05-30
,,N/A,2025-05-30
,,N/A,2025-05-30
,,N/A,2025-05-30
,,N/A,2025-05-30
,,N/A,2025-05-30
,,N/A,2025-05-30
,,N/A,2025-05-30
,,N/A,2025-05-30
,,N/A,2025-05-30
,,N/A,2025-05-30
,,N/A,2025-05-30
,,N/A,2025-05-30
,,N/A,2025-05-30
,,N/A,2025-05-30
,,N/A,2025-05-30
,,N/A,2025-05-30
,,N/A,2025-05-30
,,N/A,2025-05-30
,,N/A,2025-05-30
,,N/A,2025-05-30
,,N/A,2025-05-30
,,N/A,2025-05-30
,,N/A,2025-05-30
,,N/A,2025-05-30
,,N/A,2025-05-30
,,N/A,2025-05-30
,,N/A,2025-05-30
,,N/A,2025-05-30
,,N/A,2025-05-30
,,N/A,2025-05-30
,,N/A,2025-05-30
,,N/A,2025-05-30
,,N/A,2025-05-30
,,N/A,2025-05-30
,,N/A,2025-05-30
,,N/A,2025-05-30
,,N/A,2025-05-30
,,N/A,2025-05-30
,,N/A,2025-05-30
,,N/A,2025-05-30
,,N/A,2025-05-30
,,N/A,2025-05-30
,,N/A,2025-05-30
,,N/A,2025-05-30
,,N/A,2025-05-30
,,N/A,2025-05-30
,,N/A,2025-05-30
,,N/A,2025-05-30
,,N/A,2025-05-30
,,N/A,2025-05-30
,,N/A,2025-05-30
,,N/A,2025-05-30
,,N/A,2025-05-30
,,N/A,2025-05-30
,,N/A,2025-05-30
,,N/A,2025-05-30
,,N/A,2025-05-30
,,N/A,2025-05-30
,,N/A,2025-05-30
,,N/A,2025-05-30
,,N/A,2025-05-30
,,N/A,2025-05-30
,,N/A,2025-05-30
,,N/A,2025-05-30
,,N/A,2025-05-30
,,N/A,2025-05-30
,,N/A,2025-05-30
,,N/A,2025-05-30
,,N/A,2025-05-30
,,N/A,2025-05-30
,,N/A,2025-05-30
,,N/A,2025-05-30
,,N/A,2025-05-30
,,N/A,2025-05-30
,,N/A,2025-05-30
,,N/A,2025-05-30
,,N/A,2025-05-30
,,N/A,2025-05-30
,,N/A,2025-05-30
,,N/A,2025-05-30
,,N/A,2025-05-30
,,N/A,2025-05-30
,,N/A,2025-05-30
,,N/A,2025-05-30
,,N/A,2025-05-30
,,N/A,2025-05-30
,,N/A,2025-05-30
,,N/A,2025-05-30
,,N/A,2025-05-30
,,N/A,2025-05-30
,,N/A,2025-05-30
,,N/A,2025-05-30
,,N/A,2025-05-30
,,N/A,2025-05-30
,,N/A,2025-05-30
,,N/A,2025-05-30
,,N/A,2025-05-30
,,N/A,2025-05-30
,,N/A,2025-05-30
,,N/A,2025-05-30
,,N/A,2025-05-30
,,N/A,2025-05-30
,,N/A,2025-05-30
,,N/A,2025-05-30
,,N/A,2025-05-30
,,N/A,2025-05-30
,,N/A,2025-05-30
,,N/A,2025-05-30
,,N/A,2025-05-30
,,N/A,2025-05-30
,,N/A,2025-05-30
,,N/A,2025-05-30
,,N/A,2025-05-30
,,N/A,2025-05-30
,,N/A,2025-05-30
,,N/A,2025-05-30
,,N/A,2025-05-30
,,N/A,2025-05-30
,,N/A,2025-05-30
,,N/A,2025-05-30
,,N/A,2025-05-30
,,N/A,2025-05-30
,,N/A,2025-05-30
,,N/A,2025-05-30
,,N/A,2025-05-30
,,N/A,2025-05-30
,,N/A,2025-05-30
,,N/A,2025-05-30
,,N/A,2025-05-30
,,N/A,2025-05-30
,,N/A,2025-05-30
,,N/A,2025-05-30
,,N/A,2025-05-30
,,N/A,2025-05-30
,,N/A,2025-05-30
,,N/A,2025-05-30
,,N/A,2025-05-30
,,N/A,2025-05-30
,,N/A,2025-05-30
,,N/A,2025-05-30
,,N/A,2025-05-30
,,N/A,2025-05-30
,,N/A,2025-05-30
,,N/A,2025-05-30
,,N/A,2025-05-30
,,N/A,2025-05-30
,,N/A,2025-05-30
,,N/A,2025-05-30
,,N/A,2025-05-30
,,N/A,2025-05-30
,,N/A,2025-05-30
,,N/A,2025-05-30
,,N/A,2025-05-30
,,N/A,2025-05-30
,,N/A,2025-05-30
,,N/A,2025-05-30
,,N/A,2025-05-30
,,N/A,2025-05-30
,,N/A,2025-05-30
,,N/A,2025-05-30
,,N/A,2025-05-30
,,N/A,2025-05-30
,,N/A,2025-05-30
,,N/A,2025-05-30
,,N/A,2025-05-30
,,N/A,2025-05-30
,,N/A,2025-05-30
,,N/A,2025-05-30
,,N/A,2025-05-30
,,N/A,2025-05-30
,,N/A,2025-05-30
,,N/A,2025-05-30
,,N/A,2025-05-30
,,N/A,2025-05-30
,,N/A,2025-05-30
,,N/A,2025-05-30
,,N/A,2025-05-30
,,N/A,2025-05-30
,,N/A,2025-05-30
,,N/A,2025-05-30
,,N/A,2025-05-30
,,N/A,2025-05-30
,,N/A,2025-05-30
,,N/A,2025-05-30
,,N/A,2025-05-30
,,N/A,2025-05-30
,,N/A,2025-05-30
,,N/A,2025-05-30
,,N/A,2025-05-30
,,N/A,2025-05-30
,,N/A,2025-05-30
,,N/A,2025-05-30
,,N/A,2025-05-30
,,N/A,2025-05-30
,,N/A,2025-05-30
,,N/A,2025-05-30
,,N/A,2025-05-30
,,N/A,2025-05-30
,,N/A,2025-05-30
,,N/A,2025-05-30
,,N/A,2025-05-30
,,N/A,2025-05-30
,,N/A,2025-05-30
,,N/A,2025-05-30
,,N/A,2025-05-30
,,N/A,2025-05-30
,,N/A,2025-05-30
,,N/A,2025-05-30
,,N/A,2025-05-30
,,N/A,2025-05-30
,,N/A,2025-05-30
,,N/A,2025-05-30
,,N/A,2025-05-30
,,N/A,2025-05-30
,,N/A,2025-05-30
,,N/A,2025-05-30
,,N/A,2025-05-30
,,N/A,2025-05-30
,,N/A,2025-05-30
,,N/A,2025-05-30
,,N/A,2025-05-30
,,N/A,2025-05-30
,,N/A,2025-05-30
,,N/A,2025-05-30
,,N/A,2025-05-30
,,N/A,2025-05-30
,,N/A,2025-05-30
,,N/A,2025-05-30
,,N/A,2025-05-30
,,N/A,2025-05-30
,,N/A,2025-05-30
,,N/A,2025-05-30
,,N/A,2025-05-30
,,N/A,2025-05-30
,,N/A,2025-05-30
,,N/A,2025-05-30
,,N/A,2025-05-30
,,N/A,2025-05-30
,,N/A,2025-05-30
,,N/A,2025-05-30
,,N/A,2025-05-30
,,N/A,2025-05-30
,,N/A,2025-05-30
,,N/A,2025-05-30
,,N/A,2025-05-30
,,N/A,2025-05-30
,,N/A,2025-05-30
,,N/A,2025-05-30
,,N/A,2025-05-30
,,N/A,2025-05-30
,,N/A,2025-05-30
,,N/A,2025-05-30
,,N/A,2025-05-30
,,N/A,2025-05-30
,,N/A,2025-05-30
,,N/A,2025-05-30
,,N/A,2025-05-30
,,N/A,2025-05-30
,,N/A,2025-05-30
,,N/A,2025-05-30
,,N/A,2025-05-30
,,N/A,2025-05-30
,,N/A,2025-05-30
,,N/A,2025-05-30
,,N/A,2025-05-30
,,N/A,2025-05-30
,,N/A,2025-05-30
,,N/A,2025-05-30
,,N/A,2025-05-30
,,N/A,2025-05-30
,,N/A,2025-05-30
,,N/A,2025-05-30
,,N/A,2025-05-30
,,N/A,2025-05-30
,,N/A,2025-05-30
,,N/A,2025-05-30
,,N/A,2025-05-30
,,N/A,2025-05-30
,,N/A,2025-05-30
,,N/A,2025-05-30
,,N/A,2025-05-30
,,N/A,2025-05-30
,,N/A,2025-05-30
,,N/A,2025-05-30
,,N/A,2025-05-30
,,N/A,2025-05-30
,,N/A,2025-05-30
,,N/A,2025-05-30
,,N/A,2025-05-30
,,N/A,2025-05-30
,,N/A,2025-05-30
,,N/A,2025-05-30
,,N/A,2025-05-30
,,N/A,2025-05-30
,,N/A,2025-05-30
,,N/A,2025-05-30
,,N/A,2025-05-30
,,N/A,2025-05-30
,,N/A,2025-05-30
,,N/A,2025-05-30
,,N/A,2025-05-30
,,N/A,2025-05-30
,,N/A,2025-05-30
,,N/A,2025-05-30
,,N/A,2025-05-30
,,N/A,2025-05-30
,,N/A,2025-05-30
,,N/A,2025-05-30
,,N/A,2025-05-30
,,N/A,2025-05-30
,,N/A,2025-05-30
,,N/A,2025-05-30
,,N/A,2025-05-30
,,N/A,2025-05-30
,,N/A,2025-05-30
,,N/A,2025-05-30
,,N/A,2025-05-30
,,N/A,2025-05-30
,,N/A,2025-05-30
,,N/A,2025-05-30
,,N/A,2025-05-30
,,N/A,2025-05-30
,,N/A,2025-05-30
,,N/A,2025-05-30
,,N/A,2025-05-30
,,N/A,2025-05-30
,,N/A,2025-05-30
,,N/A,2025-05-30
,,N/A,2025-05-30
,,N/A,2025-05-30
,,N/A,2025-05-30
,,N/A,2025-05-30
,,N/A,2025-05-30
,,N/A,2025-05-30
,,N/A,2025-05-30
,,N/A,2025-05-30
,,N/A,2025-05-30
,,N/A,2025-05-30
,,N/A,2025-05-30
,,N/A,2025-05-30
,,N/A,2025-05-30
,,N/A,2025-05-30
,,N/A,2025-05-30
,,N/A,2025-05-30
,,N/A,2025-05-30
,,N/A,2025-05-30
,,N/A,2025-05-30
,,N/A,2025-05-30
,,N/A,2025-05-30
,,N/A,2025-05-30
,,N/A,2025-05-30
,,N/A,2025-05-30
,,N/A,2025-05-30
,,N/A,2025-05-30
,,N/A,2025-05-30
,,N/A,2025-05-30
,,N/A,2025-05-30
,,N/A,2025-05-30
,,N/A,2025-05-30
,,N/A,2025-05-30
,,N/A,2025-05-30
,,N/A,2025-05-30
,,N/A,2025-05-30
,,N/A,2025-05-30
,,N/A,2025-05-30
,,N/A,2025-05-30
,,N/A,2025-05-30
,,N/A,2025-05-30
,,N/A,2025-05-30
,,N/A,2025-05-30
,,N/A,2025-05-30
,,N/A,2025-05-30
,,N/A,2025-05-30
,,N/A,2025-05-30
,,N/A,2025-05-30
,,N/A,2025-05-30
,,N/A,2025-05-30
,,N/A,2025-05-30
,,N/A,2025-05-30
,,N/A,2025-05-30
,,N/A,2025-05-30
,,N/A,2025-05-30
,,N/A,2025-05-30
,,N/A,2025-05-30
,,N/A,2025-05-30
,,N/A,2025-05-30
,,N/A,2025-05-30
,,N/A,2025-05-30
,,N/A,2025-05-30
,,N/A,2025-05-30
,,N/A,2025-05-30
,,N/A,2025-05-30
,,N/A,2025-05-30
,,N/A,2025-05-30
,,N/A,2025-05-30
,,N/A,2025-05-30
,,N/A,2025-05-30
,,N/A,2025-05-30
,,N/A,2025-05-30
,,N/A,2025-05-30
,,N/A,2025-05-30
,,N/A,2025-05-30
,,N/A,2025-05-30
,,N/A,2025-05-30
,,N/A,2025-05-30
,,N/A,2025-05-30
,,N/A,2025-05-30
,,N/A,2025-05-30
,,N/A,2025-05-30
,,N/A,2025-05-30
,,N/A,2025-05-30
,,N/A,2025-05-30
,,N/A,2025-05-30
,,N/A,2025-05-30
,,N/A,2025-05-30
,,N/A,2025-05-30
,,N/A,2025-05-30
,,N/A,2025-05-30
,,N/A,2025-05-30
,,N/A,2025-05-30
,,N/A,2025-05-30
,,N/A,2025-05-30
,,N/A,2025-05-30
,,N/A,2025-05-30
,,N/A,2025-05-30
,,N/A,2025-05-30
,,N/A,2025-05-30
,,N/A,2025-05-30
,,N/A,2025-05-30
,,N/A,2025-05-30
,,N/A,2025-05-30
,,N/A,2025-05-30
,,N/A,2025-05-30
,,N/A,2025-05-30
,,N/A,2025-05-30
,,N/A,2025-05-30
,,N/A,2025-05-30
,,N/A,2025-05-30
,,N/A,2025-05-30
,,N/A,2025-05-30
,,N/A,2025-05-30
,,N/A,2025-05-30
,,N/A,2025-05-30
,,N/A,2025-05-30
,,N/A,2025-05-30
,,N/A,2025-05-30
,,N/A,2025-05-30
,,N/A,2025-05-30
,,N/A,2025-05-30
,,N/A,2025-05-30
,,N/A,2025-05-30
,,N/A,2025-05-30
,,N/A,2025-05-30
,,N/A,2025-05-30
,,N/A,2025-05-30
,,N/A,2025-05-30
,,N/A,2025-05-30
,,N/A,2025-05-30
,,N/A,2025-05-30
,,N/A,2025-05-30
,,N/A,2025-05-30
,,N/A,2025-05-30
,,N/A,2025-05-30
,,N/A,2025-05-30
,,N/A,2025-05-30
,,N/A,2025-05-30
,,N/A,2025-05-30
,,N/A,2025-05-30
,,N/A,2025-05-30
,,N/A,2025-05-30
,,N/A,2025-05-30
,,N/A,2025-05-30
,,N/A,2025-05-30
,,N/A,2025-05-30
,,N/A,2025-05-30
,,N/A,2025-05-30
,,N/A,2025-05-30
,,N/A,2025-05-30
,,N/A,2025-05-30
,,N/A,2025-05-30
,,N/A,2025-05-30
,,N/A,2025-05-30
,,N/A,2025-05-30
,,N/A,2025-05-30
,,N/A,2025-05-30
,,N/A,2025-05-30
,,N/A,2025-05-30
,,N/A,2025-05-30
,,N/A,2025-05-30
,,N/A,2025-05-30
,,N/A,2025-05-30
,,N/A,2025-05-30
,,N/A,2025-05-30
,,N/A,2025-05-30
,,N/A,2025-05-30
,,N/A,2025-05-30
,,N/A,2025-05-30
,,N/A,2025-05-30
,,N/A,2025-05-30
,,N/A,2025-05-30
,,N/A,2025-05-30
,,N/A,2025-05-30
,,N/A,2025-05-30
,,N/A,2025-05-30
,,N/A,2025-05-30
,,N/A,2025-05-30
,,N/A,2025-05-30
,,N/A,2025-05-30
,,N/A,2025-05-30
,,N/A,2025-05-30
,,N/A,2025-05-30
,,N/A,2025-05-30
,,N/A,2025-05-30
,,N/A,2025-05-30
,,N/A,2025-05-30
,,N/A,2025-05-30
,,N/A,2025-05-30
,,N/A,2025-05-30
,,N/A,2025-05-30
,,N/A,2025-05-30
,,N/A,2025-05-30
,,N/A,2025-05-30
,,N/A,2025-05-30
,,N/A,2025-05-30
,,N/A,2025-05-30
,,N/A,2025-05-30
,,N/A,2025-05-30
,,N/A,2025-05-30
,,N/A,2025-05-30
,,N/A,2025-05-30
,,N/A,2025-05-30
,,N/A,2025-05-30
,,N/A,2025-05-30
,,N/A,2025-05-30
,,N/A,2025-05-30
,,N/A,2025-05-30
,,N/A,2025-05-30
,,N/A,2025-05-30
,,N/A,2025-05-30
,,N/A,2025-05-30
,,N/A,2025-05-30
,,N/A,2025-05-30
,,N/A,2025-05-30
,,N/A,2025-05-30
,,N/A,2025-05-30
,,N/A,2025-05-30
,,N/A,2025-05-30
,,N/A,2025-05-30
,,N/A,2025-05-30
,,N/A,2025-05-30
,,N/A,2025-05-30
,,N/A,2025-05-30
,,N/A,2025-05-30
,,N/A,2025-05-30
,,N/A,2025-05-30
,,N/A,2025-05-30
,,N/A,2025-05-30
,,N/A,2025-05-30
,,N/A,2025-05-30
,,N/A,2025-05-30
,,N/A,2025-05-30
,,N/A,2025-05-30
,,N/A,2025-05-30
,,N/A,2025-05-30
,,N/A,2025-05-30
,,N/A,2025-05-30
,,N/A,2025-05-30
,,N/A,2025-05-30
,,N/A,2025-05-30
,,N/A,2025-05-30
,,N/A,2025-05-30
,,N/A,2025-05-30
,,N/A,2025-05-30
,,N/A,2025-05-30
,,N/A,2025-05-30
,,N/A,2025-05-30
,,N/A,2025-05-30
,,N/A,2025-05-30
,,N/A,2025-05-30
,,N/A,2025-05-30
,,N/A,2025-05-30
,,N/A,2025-05-30
,,N/A,2025-05-30
,,N/A,2025-05-30
,,N/A,2025-05-30
,,N/A,2025-05-30
,,N/A,2025-05-30
,,N/A,2025-05-30
,,N/A,2025-05-30
,,N/A,2025-05-30
,,N/A,2025-05-30
,,N/A,2025-05-30
,,N/A,2025-05-30
,,N/A,2025-05-30
,,N/A,2025-05-30
,,N/A,2025-05-30
,,N/A,2025-05-30
,,N/A,2025-05-30
,,N/A,2025-05-30
,,N/A,2025-05-30
,,N/A,2025-05-30
,,N/A,2025-05-30
,,N/A,2025-05-30
,,N/A,2025-05-30
,,N/A,2025-05-30
,,N/A,2025-05-30
,,N/A,2025-05-30
,,N/A,2025-05-30
,,N/A,2025-05-30
,,N/A,2025-05-30
,,N/A,2025-05-30
,,N/A,2025-05-30
,,N/A,2025-05-30
,,N/A,2025-05-30
,,N/A,2025-05-30
,,N/A,2025-05-30
,,N/A,2025-05-30
,,N/A,2025-05-30
,,N/A,2025-05-30
,,N/A,2025-05-30
,,N/A,2025-05-30
,,N/A,2025-05-30
,,N/A,2025-05-30
,,N/A,2025-05-30
,,N/A,2025-05-30
,,N/A,2025-05-30
,,N/A,2025-05-30
,,N/A,2025-05-30
,,N/A,2025-05-30
,,N/A,2025-05-30
,,N/A,2025-05-30
,,N/A,2025-05-30
,,N/A,2025-05-30
,,N/A,2025-05-30
,,N/A,2025-05-30
,,N/A,2025-05-30
,,N/A,2025-05-30
,,N/A,2025-05-30
,,N/A,2025-05-30
,,N/A,2025-05-30
,,N/A,2025-05-30
,,N/A,2025-05-30
,,N/A,2025-05-30
,,N/A,2025-05-30
,,N/A,2025-05-30
,,N/A,2025-05-30
,,N/A,2025-05-30
,,N/A,2025-05-30
,,N/A,2025-05-30
,,N/A,2025-05-30
,,N/A,2025-05-30
,,N/A,2025-05-30
,,N/A,2025-05-30
,,N/A,2025-05-30
,,N/A,2025-05-30
,,N/A,2025-05-30
,,N/A,2025-05-30
,,N/A,2025-05-30
,,N/A,2025-05-30
,,N/A,2025-05-30
,,N/A,2025-05-30
,,N/A,2025-05-30
,,N/A,2025-05-30
,,N/A,2025-05-30
,,N/A,2025-05-30
,,N/A,2025-05-30
,,N/A,2025-05-30
,,N/A,2025-05-30
,,N/A,2025-05-30
,,N/A,2025-05-30
,,N/A,2025-05-30
,,N/A,2025-05-30
,,N/A,2025-05-30
,,N/A,2025-05-30
,,N/A,2025-05-30
,,N/A,2025-05-30
,,N/A,2025-05-30
,,N/A,2025-05-30
,,N/A,2025-05-30
,,N/A,2025-05-30
,,N/A,2025-05-30
,,N/A,2025-05-30
,,N/A,2025-05-30
,,N/A,2025-05-30
,,N/A,2025-05-30
,,N/A,2025-05-30
,,N/A,2025-05-30
,,N/A,2025-05-30
,,N/A,2025-05-30
,,N/A,2025-05-30
,,N/A,2025-05-30
,,N/A,2025-05-30
,,N/A,2025-05-30
,,N/A,2025-05-30
,,N/A,2025-05-30
,,N/A,2025-05-30
,,N/A,2025-05-30
,,N/A,2025-05-30
,,N/A,2025-05-30
,,N/A,2025-05-30
,,N/A,2025-05-30
,,N/A,2025-05-30
,,N/A,2025-05-30
,,N/A,2025-05-30
,,N/A,2025-05-30
,,N/A,2025-05-30
,,N/A,2025-05-30
,,N/A,2025-05-30
,,N/A,2025-05-30
,,N/A,2025-05-30
,,N/A,2025-05-30
,,N/A,2025-05-30
,,N/A,2025-05-30
,,N/A,2025-05-30
,,N/A,2025-05-30
,,N/A,2025-05-30
,,N/A,2025-05-30
,,N/A,2025-05-30
,,N/A,2025-05-30
,,N/A,2025-05-30
,,N/A,2025-05-30
,,N/A,2025-05-30
,,N/A,2025-05-30
,,N/A,2025-05-30
,,N/A,2025-05-30
,,N/A,2025-05-30
,,N/A,2025-05-30
,,N/A,2025-05-30
,,N/A,2025-05-30
,,N/A,2025-05-30
,,N/A,2025-05-30
,,N/A,2025-05-30
,,N/A,2025-03-03
,,N/A,2025-03-03
,,N/A,2025-03-03
,,N/A,2025-03-03
,,N/A,2025-03-03
,,N/A,2025-03-03
,,N/A,2025-03-03
,,N/A,2025-03-03
,,N/A,2025-03-03
,,N/A,2025-03-03
,,N/A,2025-03-03
,,N/A,2025-03-03
,,N/A,2025-03-03
,,N/A,2025-03-03
,,N/A,2025-03-03
,,N/A,2025-03-03
,,N/A,2025-03-03
,,N/A,2025-03-03
,,N/A,2025-03-03
,,N/A,2025-03-03
,,N/A,2025-03-03
,,N/A,2025-03-03
,,N/A,2025-03-03
,,N/A,2025-03-03
,,N/A,2025-03-03
,,N/A,2025-03-03
,,N/A,2025-03-03
,,N/A,2025-03-03
,,N/A,2025-03-03
,,N/A,2025-03-03
,,N/A,2025-03-03
,,N/A,2025-03-03
,,N/A,2025-03-03
,,N/A,2025-03-03
,,N/A,2025-03-03
,,N/A,2025-03-03
,,N/A,2025-03-03
,,N/A,2025-03-03
,,N/A,2025-03-03
,,N/A,2025-03-03
,,N/A,2025-03-03
,,N/A,2025-03-03
,,N/A,2025-03-03
,,N/A,2025-03-03
,,N/A,2025-03-03
,,N/A,2025-03-03
,,N/A,2025-03-03
,,N/A,2025-03-03
,,N/A,2025-03-03
,,N/A,2025-03-03
,,N/A,2025-03-03
,,N/A,2025-03-03
,,N/A,2025-03-03
,,N/A,2025-03-03
,,N/A,2025-03-03
,,N/A,2025-03-03
,,N/A,2025-03-03
,,N/A,2025-03-03
,,N/A,2025-03-03
,,N/A,2025-03-03
,,N/A,2025-03-03
,,N/A,2025-03-03
,,N/A,2025-03-03
,,N/A,2025-03-03
,,N/A,2025-03-03
,,N/A,2025-03-03
,,N/A,2025-03-03
,,N/A,2025-03-03
,,N/A,2025-03-03
,,N/A,2025-03-03
,,N/A,2025-03-03
,,N/A,2025-03-03
,,N/A,2025-03-03
,,N/A,2025-03-03
,,N/A,2025-03-03
,,N/A,2025-03-03
,,N/A,2025-03-03
,,N/A,2025-03-03
,,N/A,2025-03-03
,,N/A,2025-03-03
,,N/A,2025-03-03
,,N/A,2025-03-03
,,N/A,2025-03-03
,,N/A,2025-03-03
,,N/A,2025-03-03
,,N/A,2025-03-03
,,N/A,2025-03-03
,,N/A,2025-03-03
,,N/A,2025-03-03
,,N/A,2025-03-03
,,N/A,2025-03-03
,,N/A,2025-03-03
,,N/A,2025-03-03
,,N/A,2025-03-03
,,N/A,2025-03-03
,,N/A,2025-03-03
,,N/A,2025-03-03
,,N/A,2025-03-03
,,N/A,2025-03-03
,,N/A,2025-03-03
,,N/A,2025-03-03
,,N/A,2025-03-03
,,N/A,2025-03-03
,,N/A,2025-03-03
,,N/A,2025-03-03
,,N/A,2025-03-03
,,N/A,2025-03-03
,,N/A,2025-03-03
,,N/A,2025-03-03
,,N/A,2025-03-03
,,N/A,2025-03-03
,,N/A,2025-03-03
,,N/A,2025-03-03
,,N/A,2025-03-03
,,N/A,2025-03-03
,,N/A,2025-03-03
,,N/A,2025-03-03
,,N/A,2025-03-03
,,N/A,2025-03-03
,,N/A,2025-03-03
,,N/A,2025-03-03
,,N/A,2025-03-03
,,N/A,2025-03-03
,,N/A,2025-03-03
,,N/A,2025-03-03
,,N/A,2025-03-03
,,N/A,2025-03-03
,,N/A,2025-03-03
,,N/A,2025-03-03
,,N/A,2025-03-03
,,N/A,2025-03-03
,,N/A,2025-03-03
,,N/A,2025-03-03
,,N/A,2025-03-03
,,N/A,2025-03-03
,,N/A,2025-03-03
,,N/A,2025-03-03
,,N/A,2025-03-03
,,N/A,2025-03-03
,,N/A,2025-03-03
,,N/A,2025-03-03
,,N/A,2025-03-03
,,N/A,2025-03-03
,,N/A,2025-03-03
,,N/A,2025-03-03
,,N/A,2025-03-03
,,N/A,2025-03-03
,,N/A,2025-03-03
,,N/A,2025-03-03
,,N/A,2025-03-03
,,N/A,2025-03-03
,,N/A,2025-03-03
,,N/A,2025-03-03
,,N/A,2025-03-03
,,N/A,2025-03-03
,,N/A,2025-03-03
,,N/A,2025-03-03
,,N/A,2025-03-03
,,N/A,2025-03-03
,,N/A,2025-03-03
,,N/A,2025-03-03
,,N/A,2025-03-03
,,N/A,2025-03-03
,,N/A,2025-03-03
,,N/A,2025-03-03
,,N/A,2025-03-03
,,N/A,2025-03-03
,,N/A,2025-03-03
,,N/A,2025-03-03
,,N/A,2025-03-03
,,N/A,2025-03-03
,,N/A,2025-03-03
,,N/A,2025-03-03
,,N/A,2025-03-03
,,N/A,2025-03-03
,,N/A,2025-03-03
,,N/A,2025-03-03
,,N/A,2025-03-03
,,N/A,2025-03-03
,,N/A,2025-03-03
,,N/A,2025-03-03
,,N/A,2025-03-03
,,N/A,2025-03-03
,,N/A,2025-03-03
,,N/A,2025-03-03
,,N/A,2025-03-03
,,N/A,2025-03-03
,,N/A,2025-03-03
,,N/A,2025-03-03
,,N/A,2025-03-03
,,N/A,2025-03-03
,,N/A,2025-03-03
,,N/A,2025-03-03
,,N/A,2025-03-03
,,N/A,2025-03-03
,,N/A,2025-03-03
,,N/A,2025-03-03
,,N/A,2025-03-03
,,N/A,2025-03-03
,,N/A,2025-03-03
,,N/A,2025-03-03
,,N/A,2025-03-03
,,N/A,2025-03-03
,,N/A,2025-03-03
,,N/A,2025-03-03
,,N/A,2025-03-03
,,N/A,2025-03-03
,,N/A,2025-03-03
,,N/A,2025-03-03
,,N/A,2025-03-03
,,N/A,2025-03-03
,,N/A,2025-03-03
,,N/A,2025-03-03
,,N/A,2025-03-03
,,N/A,2025-03-03
,,N/A,2025-03-03
,,N/A,2025-03-03
,,N/A,2025-03-03
,,N/A,2025-03-03
,,N/A,2025-03-03
,,N/A,2025-03-03
,,N/A,2025-03-03
,,N/A,2025-03-03
,,N/A,2025-03-03
,,N/A,2025-03-03
,,N/A,2025-03-03
,,N/A,2025-03-03
,,N/A,2025-03-03
,,N/A,2025-03-03
,,N/A,2025-03-03
,,N/A,2025-03-03
,,N/A,2025-03-03
,,N/A,2025-03-03
,,N/A,2025-03-03
,,N/A,2025-03-03
,,N/A,2025-03-03
,,N/A,2025-03-03
,,N/A,2025-03-03
,,N/A,2025-03-03
,,N/A,2025-03-03
,,N/A,2025-03-03
,,N/A,2025-03-03
,,N/A,2025-03-03
,,N/A,2025-03-03
,,N/A,2025-03-03
,,N/A,2025-03-03
,,N/A,2025-03-03
,,N/A,2025-03-03
,,N/A,2025-03-03
,,N/A,2025-03-03
,,N/A,2025-03-03
,,N/A,2025-03-03
,,N/A,2025-03-03
,,N/A,2025-03-03
,,N/A,2025-03-03
,,N/A,2025-03-03
,,N/A,2025-03-03
,,N/A,2025-03-03
,,N/A,2025-03-03
,,N/A,2025-03-03
,,N/A,2025-03-03
,,N/A,2025-03-03
,,N/A,2025-03-03
,,N/A,2025-03-03
,,N/A,2025-03-03
,,N/A,2025-03-03
,,N/A,2025-03-03
,,N/A,2025-03-03
,,N/A,2025-03-03
,,N/A,2025-03-03
,,N/A,2025-03-03
,,N/A,2025-03-03
,,N/A,2025-03-03
,,N/A,2025-03-03
,,N/A,2025-03-03
,,N/A,2025-03-03
,,N/A,2025-03-03
,,N/A,2025-03-03
,,N/A,2025-03-03
,,N/A,2025-03-03
,,N/A,2025-03-03
,,N/A,2025-03-03
,,N/A,2025-03-03
,,N/A,2025-03-03
,,N/A,2025-03-03
,,N/A,2025-03-03
,,N/A,2025-03-03
,,N/A,2025-03-03
,,N/A,2025-03-03
,,N/A,2025-03-03
,,N/A,2025-03-03
,,N/A,2025-03-03
,,N/A,2025-03-03
,,N/A,2025-03-03
,,N/A,2025-03-03
,,N/A,2025-03-03
,,N/A,2025-03-03
,,N/A,2025-03-03
,,N/A,2025-03-03
,,N/A,2025-03-03
,,N/A,2025-03-03
,,N/A,2025-03-03
,,N/A,2025-03-03
,,N/A,2025-03-03
,,N/A,2025-03-03
,,N/A,2025-03-03
,,N/A,2025-03-03
,,N/A,2025-03-03
,,N/A,2025-03-03
,,N/A,2025-03-03
,,N/A,2025-03-03
,,N/A,2025-03-03
,,N/A,2025-03-03
,,N/A,2025-03-03
,,N/A,2025-03-03
,,N/A,2025-03-03
,,N/A,2025-03-03
,,N/A,2025-03-03
,,N/A,2025-03-03
,,N/A,2025-03-03
,,N/A,2025-03-03
,,N/A,2025-03-03
,,N/A,2025-03-03
,,N/A,2025-03-03
,,N/A,2025-03-03
,,N/A,2025-03-03
,,N/A,2025-03-03
,,N/A,2025-03-03
,,N/A,2025-03-03
,,N/A,2025-03-03
,,N/A,2025-03-03
,,N/A,2025-03-03
,,N/A,2025-03-03
,,N/A,2025-03-03
,,N/A,2025-03-03
,,N/A,2025-03-03
,,N/A,2025-03-03
,,N/A,2025-03-03
,,N/A,2025-03-03
,,N/A,2025-03-03
,,N/A,2025-03-03
,,N/A,2025-03-03
,,N/A,2025-03-03
,,N/A,2025-03-03
,,N/A,2025-03-03
,,N/A,2025-03-03
,,N/A,2025-03-03
,,N/A,2025-03-03
,,N/A,2025-03-03
,,N/A,2025-03-03
,,N/A,2025-03-03
,,N/A,2025-03-03
,,N/A,2025-03-03
,,N/A,2025-03-03
,,N/A,2025-03-03
,,N/A,2025-03-03
,,N/A,2025-03-03
,,N/A,2025-03-03
,,N/A,2025-03-03
,,N/A,2025-03-03
,,N/A,2025-03-03
,,N/A,2025-03-03
,,N/A,2025-03-03
,,N/A,2025-03-03
,,N/A,2025-03-03
,,N/A,2025-03-03
,,N/A,2025-03-03
,,N/A,2025-03-03
,,N/A,2025-03-03
,,N/A,2025-03-03
,,N/A,2025-03-03
,,N/A,2025-03-03
,,N/A,2025-03-03
,,N/A,2025-03-03
,,N/A,2025-03-03
,,N/A,2025-03-03
,,N/A,2025-03-03
,,N/A,2025-03-03
,,N/A,2025-03-03
,,N/A,2025-03-03
,,N/A,2025-03-03
,,N/A,2025-03-03
,,N/A,2025-03-03
,,N/A,2025-03-03
,,N/A,2025-03-03
,,N/A,2025-03-03
,,N/A,2025-03-03
,,N/A,2025-03-03
,,N/A,2025-03-03
,,N/A,2025-03-03
,,N/A,2025-03-03
,,N/A,2025-03-03
,,N/A,2025-03-03
,,N/A,2025-03-03
,,N/A,2025-03-03
,,N/A,2025-03-03
,,N/A,2025-03-03
,,N/A,2025-03-03
,,N/A,2025-03-03
,,N/A,2025-03-03
,,N/A,2025-03-03
,,N/A,2025-03-03
,,N/A,2025-03-03
,,N/A,2025-03-03
,,N/A,2025-03-03
,,N/A,2025-03-03
,,N/A,2025-03-03
,,N/A,2025-03-03
,,N/A,2025-03-03
,,N/A,2025-03-03
,,N/A,2025-03-03
,,N/A,2025-03-03
,,N/A,2025-03-03
,,N/A,2025-03-03
,,N/A,2025-03-03
,,N/A,2025-03-03
,,N/A,2025-03-03
,,N/A,2025-03-03
,,N/A,2025-03-03
,,N/A,2025-03-03
,,N/A,2025-03-03
,,N/A,2025-03-03
,,N/A,2025-03-03
,,N/A,2025-03-03
,,N/A,2025-03-03
,,N/A,2025-03-03
,,N/A,2025-03-03
,,N/A,2025-03-03
,,N/A,2025-03-03
,,N/A,2025-03-03
,,N/A,2025-03-03
,,N/A,2025-03-03
,,N/A,2025-03-03
,,N/A,2025-03-03
,,N/A,2025-03-03
,,N/A,2025-03-03
,,N/A,2025-03-03
,,N/A,2025-03-03
,,N/A,2025-03-03
,,N/A,2025-03-03
,,N/A,2025-03-03
,,N/A,2025-03-03
,,N/A,2025-03-03
,,N/A,2025-03-03
,,N/A,2025-03-03
,,N/A,2025-03-03
,,N/A,2025-03-03
,,N/A,2025-03-03
,,N/A,2025-03-03
,,N/A,2025-03-03
,,N/A,2025-03-03
,,N/A,2025-03-03
,,N/A,2025-03-03
,,N/A,2025-03-03
,,N/A,2025-03-03
,,N/A,2025-03-03
,,N/A,2025-03-03
,,N/A,2025-03-03
,,N/A,2025-03-03
,,N/A,2025-03-03
,,N/A,2025-03-03
,,N/A,2025-03-03
,,N/A,2025-03-03
,,N/A,2025-03-03
,,N/A,2025-03-03
,,N/A,2025-03-03
,,N/A,2025-03-03
,,N/A,2025-03-03
,,N/A,2025-03-03
,,N/A,2025-03-03
,,N/A,2025-03-03
,,N/A,2025-03-03
,,N/A,2025-03-03
,,N/A,2025-03-03
,,N/A,2025-03-03
,,N/A,2025-03-03
,,N/A,2025-03-03
,,N/A,2025-03-03
,,N/A,2025-03-03
,,N/A,2025-03-03
,,N/A,2025-03-03
,,N/A,2025-03-03
,,N/A,2025-03-03
,,N/A,2025-03-03
,,N/A,2025-03-03
,,N/A,2025-03-03
,,N/A,2025-03-03
,,N/A,2025-03-03
,,N/A,2025-03-03
,,N/A,2025-03-03
,,N/A,2025-03-03
,,N/A,2025-03-03
,,N/A,2025-03-03
,,N/A,2025-03-03
,,N/A,2025-03-03
,,N/A,2025-03-03
,,N/A,2025-03-03
,,N/A,2025-03-03
,,N/A,2025-03-03
,,N/A,2025-03-03
,,N/A,2025-03-03
,,N/A,2025-03-03
,,N/A,2025-03-03
,,N/A,2025-03-03
,,N/A,2025-03-03
,,N/A,2025-03-03
,,N/A,2025-03-03
,,N/A,2025-03-03
,,N/A,2025-03-03
,,N/A,2025-03-03
,,N/A,2025-03-03
,,N/A,2025-03-03
,,N/A,2025-03-03
,,N/A,2025-03-03
,,N/A,2025-03-03
,,N/A,2025-03-03
,,N/A,2025-03-03
,,N/A,2025-03-03
,,N/A,2025-03-03
,,N/A,2025-03-03
,,N/A,2025-03-03
,,N/A,2025-03-03
,,N/A,2025-03-03
,,N/A,2025-03-03
,,N/A,2025-03-03
,,N/A,2025-03-03
,,N/A,2025-03-03
,,N/A,2025-03-03
,,N/A,2025-03-03
,,N/A,2025-03-03
,,N/A,2025-03-03
,,N/A,2025-03-03
,,N/A,2025-03-03
,,N/A,2025-03-03
,,N/A,2025-03-03
,,N/A,2025-03-03
,,N/A,2025-03-03
,,N/A,2025-03-03
,,N/A,2025-03-03
,,N/A,2025-03-03
,,N/A,2025-03-03
,,N/A,2025-03-03
,,N/A,2025-03-03
,,N/A,2025-03-03
,,N/A,2025-03-03
,,N/A,2025-03-03
,,N/A,2025-03-03
,,N/A,2025-03-03
,,N/A,2025-03-03
,,N/A,2025-03-03
,,N/A,2025-03-03
,,N/A,2025-03-03
,,N/A,2025-03-03
,,N/A,2025-03-03
,,N/A,2025-03-03
,,N/A,2025-03-03
,,N/A,2025-03-03
,,N/A,2025-03-03
,,N/A,2025-03-03
,,N/A,2025-03-03
,,N/A,2025-03-03
,,N/A,2025-03-03
,,N/A,2025-03-03
,,N/A,2025-03-03
,,N/A,2025-03-03
,,N/A,2025-03-03
,,N/A,2025-03-03
,,N/A,2025-03-03
,,N/A,2025-03-03
,,N/A,2025-03-03
,,N/A,2025-03-03
,,N/A,2025-03-03
,,N/A,2025-03-03
,,N/A,2025-03-03
,,N/A,2025-03-03
,,N/A,2025-03-03
,,N/A,2025-03-03
,,N/A,2025-03-03
,,N/A,2025-03-03
,,N/A,2025-03-03
,,N/A,2025-03-03
,,N/A,2025-03-03
,,N/A,2025-03-03
,,N/A,2025-03-03
,,N/A,2025-03-03
,,N/A,2025-03-03
,,N/A,2025-03-03
,,N/A,2025-03-03
,,N/A,2025-03-03
,,N/A,2025-03-03
,,N/A,2025-03-03
,,N/A,2025-03-03
,,N/A,2025-03-03
,,N/A,2025-03-03
,,N/A,2025-03-03
,,N/A,2025-03-03
,,N/A,2025-03-03
,,N/A,2025-03-03
,,N/A,2025-03-03
,,N/A,2025-03-03
,,N/A,2025-03-03
,,N/A,2025-03-03
,,N/A,2025-03-03
,,N/A,2025-03-03
,,N/A,2025-03-03
,,N/A,2025-03-03
,,N/A,2025-03-03
,,N/A,2025-03-03
,,N/A,2025-03-03
,,N/A,2025-03-03
,,N/A,2025-03-03
,,N/A,2025-03-03
,,N/A,2025-03-03
,,N/A,2025-03-03
,,N/A,2025-03-03
,,N/A,2025-03-03
,,N/A,2025-03-03
,,N/A,2025-03-03
,,N/A,2025-03-03
,,N/A,2025-03-03
,,N/A,2025-03-03
,,N/A,2025-03-03
,,N/A,2025-03-03
,,N/A,2025-03-03
,,N/A,2025-03-03
,,N/A,2025-03-03
,,N/A,2025-03-03
,,N/A,2025-03-03
,,N/A,2025-03-03
,,N/A,2025-03-03
,,N/A,2025-03-03
,,N/A,2025-03-03
,,N/A,2025-03-03
,,N/A,2025-03-03
,,N/A,2025-03-03
,,N/A,2025-03-03
,,N/A,2025-03-03
,,N/A,2025-03-03
,,N/A,2025-03-03
,,N/A,2025-03-03
,,N/A,2025-03-03
,,N/A,2025-03-03
,,N/A,2025-03-03
,,N/A,2025-03-03
,,N/A,2025-03-03
,,N/A,2025-03-03
,,N/A,2025-03-03
,,N/A,2025-03-03
,,N/A,2025-03-03
,,N/A,2025-03-03
,,N/A,2025-03-03
,,N/A,2025-03-03
,,N/A,2025-03-03
,,N/A,2025-03-03
,,N/A,2025-03-03
,,N/A,2025-03-03
,,N/A,2025-03-03
,,N/A,2025-03-03
,,N/A,2025-03-03
,,N/A,2025-03-03
,,N/A,2025-03-03
,,N/A,2025-03-03
,,N/A,2025-03-03
,,N/A,2025-03-03
,,N/A,2025-03-03
,,N/A,2025-03-03
,,N/A,2025-03-03
,,N/A,2025-03-03
,,N/A,2025-03-03
,,N/A,2025-03-03
,,N/A,2025-03-03
,,N/A,2025-03-03
,,N/A,2025-03-03
,,N/A,2025-03-03
,,N/A,2025-03-03
,,N/A,2025-03-03
,,N/A,2025-03-03
,,N/A,2025-03-03
,,N/A,2025-03-03
,,N/A,2025-03-03
,,N/A,2025-03-03
,,N/A,2025-03-03
,,N/A,2025-03-03
,,N/A,2025-03-03
,,N/A,2025-03-03
,,N/A,2025-03-03
,,N/A,2025-03-03
,,N/A,2025-03-03
,,N/A,2025-03-03
,,N/A,2025-03-03
,,N/A,2025-03-03
,,N/A,2025-03-03
,,N/A,2025-03-03
,,N/A,2025-03-03
,,N/A,2025-03-03
,,N/A,2025-03-03
,,N/A,2025-03-03
,,N/A,2025-03-03
,,N/A,2025-03-03
,,N/A,2025-03-03
,,N/A,2025-03-03
,,N/A,2025-03-03
,,N/A,2025-03-03
,,N/A,2025-03-03
,,N/A,2025-03-03
,,N/A,2025-03-03
,,N/A,2025-03-03
,,N/A,2025-03-03
,,N/A,2025-03-03
,,N/A,2025-03-03
,,N/A,2025-03-03
,,N/A,2025-03-03
,,N/A,2025-03-03
,,N/A,2025-03-03
,,N/A,2025-03-03
,,N/A,2025-03-03
,,N/A,2025-03-03
,,N/A,2025-03-03
,,N/A,2025-03-03
,,N/A,2025-03-03
,,N/A,2025-03-03
,,N/A,2025-03-03
,,N/A,2025-03-03
,,N/A,2025-03-03
,,N/A,2025-03-03
,,N/A,2025-03-03
,,N/A,2025-03-03
,,N/A,2025-03-03
,,N/A,2025-03-03
,,N/A,2025-03-03
,,N/A,2025-03-03
,,N/A,2025-03-03
,,N/A,2025-03-03
,,N/A,2025-03-03
,,N/A,2025-03-03
,,N/A,2025-03-03
,,N/A,2025-03-03
,,N/A,2025-03-03
,,N/A,2025-03-03
,,N/A,2025-03-03
,,N/A,2025-03-03
,,N/A,2025-03-03
,,N/A,2025-03-03
,,N/A,2025-03-03
,,N/A,2025-03-03
,,N/A,2025-03-03
,,N/A,2025-03-03
,,N/A,2025-03-03
,,N/A,2025-03-03
,,N/A,2025-03-03
,,N/A,2025-03-03
,,N/A,2025-03-03
,,N/A,2025-03-03
,,N/A,2025-03-03
,,N/A,2025-03-03
,,N/A,2025-03-03
,,N/A,2025-03-03
,,N/A,2025-03-03
,,N/A,2025-03-03
,,N/A,2025-03-03
,,N/A,2025-03-03
,,N/A,2025-03-03
,,N/A,2025-03-03
,,N/A,2025-03-03
,,N/A,2025-03-03
,,N/A,2025-03-03
,,N/A,2025-03-03
,,N/A,2025-03-03
,,N/A,2025-03-03
,,N/A,2025-03-03
,,N/A,2025-03-03
,,N/A,2025-03-03
,,N/A,2025-03-03
,,N/A,2025-03-03
,,N/A,2025-03-03
,,N/A,2025-03-03
,,N/A,2025-03-03
,,N/A,2025-03-03
,,N/A,2025-03-03
,,N/A,2025-03-03
,,N/A,2025-03-03
,,N/A,2025-03-03
,,N/A,2025-03-03
,,N/A,2025-03-03
,,N/A,2025-03-03
,,N/A,2025-03-03
,,N/A,2025-03-03
,,N/A,2025-03-03
,,N/A,2025-03-03
,,N/A,2025-03-03
,,N/A,2025-03-03
,,N/A,2025-03-03
,,N/A,2025-03-03
,,N/A,2025-03-03
,,N/A,2025-03-03
,,N/A,2025-03-03
,,N/A,2025-03-03
,,N/A,2025-03-03
,,N/A,2025-03-03
,,N/A,2025-03-03
,,N/A,2025-03-03
,,N/A,2025-03-03
,,N/A,2025-03-03
,,N/A,2025-03-03
,,N/A,2025-03-03
,,N/A,2025-03-03
,,N/A,2025-03-03
,,N/A,2025-03-03
,,N/A,2025-03-03
,,N/A,2025-03-03
,,N/A,2025-03-03
,,N/A,2025-03-03
,,N/A,2025-03-03
,,N/A,2025-03-03
,,N/A,2025-03-03
,,N/A,2025-03-03
,,N/A,2025-03-03
,,N/A,2025-03-03
,,N/A,2025-03-03
,,N/A,2025-03-03
,,N/A,2025-03-03
,,N/A,2025-03-03
,,N/A,2025-03-03
,,N/A,2025-03-03
,,N/A,2025-03-03
,,N/A,2025-03-03
,,N/A,2025-03-03
,,N/A,2025-03-03
,,N/A,2025-03-03
,,N/A,2025-03-03
,,N/A,2025-03-03
,,N/A,2025-03-03
,,N/A,2025-03-03
,,N/A,2025-03-03
,,N/A,2025-03-03
,,N/A,2025-03-03
,,N/A,2025-03-03
,,N/A,2025-03-03
,,N/A,2025-03-03
,,N/A,2025-03-03
,,N/A,2025-03-03
,,N/A,2025-03-03
,,N/A,2025-03-03
,,N/A,2025-03-03
,,N/A,2025-03-03
,,N/A,2025-03-03
,,N/A,2025-03-03
,,N/A,2025-03-03
,,N/A,2025-03-03
,,N/A,2025-03-03
,,N/A,2025-03-03
,,N/A,2025-03-03
,,N/A,2025-03-03
,,N/A,2025-03-03
,,N/A,2025-03-03
,,N/A,2025-03-03
,,N/A,2025-03-03
,,N/A,2025-03-03
,,N/A,2025-03-03
,,N/A,2025-03-03
,,N/A,2025-03-03
,,N/A,2025-03-03
,,N/A,2025-03-03
,,N/A,2025-03-03
,,N/A,2025-03-03
,,N/A,2025-03-03
,,N/A,2025-03-03
,,N/A,2025-03-03
,,N/A,2025-03-03
,,N/A,2025-03-03
,,N/A,2025-03-03
,,N/A,2025-03-03
,,N/A,2025-03-03
,,N/A,2025-03-03
,,N/A,2025-03-03
,,N/A,2025-03-03
,,N/A,2025-03-03
,,N/A,2025-03-03
,,N/A,2025-03-03
,,N/A,2025-03-03
,,N/A,2025-03-03
,,N/A,2025-03-03
,,N/A,2025-03-03
,,N/A,2025-03-03
,,N/A,2025-03-03
,,N/A,2025-03-03
,,N/A,2025-03-03
,,N/A,2025-03-03
,,N/A,2025-03-03
,,N/A,2025-03-03
,,N/A,2025-03-03
,,N/A,2025-03-03
,,N/A,2025-03-03
,,N/A,2025-03-03
,,N/A,2025-03-03
,,N/A,2025-03-03
,,N/A,2025-03-03
,,N/A,2025-03-03
,,N/A,2025-03-03
,,N/A,2025-03-03
,,N/A,2025-03-03
,,N/A,2025-03-03
,,N/A,2025-03-03
,,N/A,2025-03-03
,,N/A,2025-03-03
,,N/A,2025-03-03
,,N/A,2025-03-03
,,N/A,2025-03-03
,,N/A,2025-03-03
,,N/A,2025-03-03
,,N/A,2025-03-03
,,N/A,2025-03-03
,,N/A,2025-03-03
,,N/A,2025-03-03
,,N/A,2025-03-03
,,N/A,2025-03-03
,,N/A,2025-03-03
,,N/A,2025-03-03
,,N/A,2025-03-03
,,N/A,2025-03-03
,,N/A,2025-03-03
,,N/A,2025-03-03
,,N/A,2025-03-03
,,N/A,2025-03-03
,,N/A,2025-03-03
,,N/A,2025-03-03
,,N/A,2025-03-03
,,N/A,2025-03-03
,,N/A,2025-03-03
,,N/A,2025-03-03
,,N/A,2025-03-03
,,N/A,2025-03-03
,,N/A,2025-03-03
,,N/A,2025-03-03
,,N/A,2025-03-03
,,N/A,2025-03-03
,,N/A,2025-03-03
,,N/A,2025-03-03
,,N/A,2025-03-03
,,N/A,2025-03-03
,,N/A,2025-03-03
,,N/A,2025-03-03
,,N/A,2025-03-03
,,N/A,2025-03-03
,,N/A,2025-03-03
,,N/A,2025-03-03
,,N/A,2025-03-03
,,N/A,2025-03-03
,,N/A,2025-03-03
,,N/A,2025-03-03
,,N/A,2025-03-03
,,N/A,2025-03-03
,,N/A,2025-03-03
,,N/A,2025-03-03
,,N/A,2025-03-03
,,N/A,2025-03-03
,,N/A,2025-03-03
,,N/A,2025-03-03
,,N/A,2025-03-03
,,N/A,2025-03-03
,,N/A,2025-03-03
,,N/A,2025-03-03
,,N/A,2025-03-03
,,N/A,2025-03-03
,,N/A,2025-03-03
,,N/A,2025-03-03
,,N/A,2025-03-03
,,N/A,2025-03-03
,,N/A,2025-03-03
,,N/A,2025-03-03
,,N/A,2025-03-03
,,N/A,2025-03-03
,,N/A,2025-03-03
,,N/A,2025-03-03
,,N/A,2025-03-03
,,N/A,2025-03-03
,,N/A,2025-03-03
,,N/A,2025-03-03
,,N/A,2025-03-03
,,N/A,2025-03-03
,,N/A,2025-03-03
,,N/A,2025-03-03
,,N/A,2025-03-03
,,N/A,2025-03-03
,,N/A,2025-03-03
,,N/A,2025-03-03
,,N/A,2025-03-03
,,N/A,2025-03-03
,,N/A,2025-03-03
,,N/A,2025-03-03
,,N/A,2025-03-03
,,N/A,2025-03-03
,,N/A,2025-03-03
,,N/A,2025-03-03
,,N/A,2025-03-03
,,N/A,2025-03-03
,,N/A,2025-03-03
,,N/A,2025-03-03
,,N/A,2025-03-03
,,N/A,2025-03-03
,,N/A,2025-03-03
,,N/A,2025-03-03
,,N/A,2025-03-03
,,N/A,2025-03-03
,,N/A,2025-03-03
,,N/A,2025-03-03
,,N/A,2025-03-03
,,N/A,2025-03-03
,,N/A,2025-03-03
,,N/A,2025-03-03
,,N/A,2025-03-03
,,N/A,2025-03-03
,,N/A,2025-03-03
,,N/A,2025-03-03
,,N/A,2025-03-03
,,N/A,2025-03-03
,,N/A,2025-03-03
,,N/A,2025-03-03
,,N/A,2025-03-03
,,N/A,2025-03-03
,,N/A,2025-03-03
,,N/A,2025-03-03
,,N/A,2025-03-03
,,N/A,2025-03-03
,,N/A,2025-03-03
,,N/A,2025-03-03
,,N/A,2025-03-03
,,N/A,2025-03-03
,,N/A,2025-03-03
,,N/A,2025-03-03
,,N/A,2025-03-03
,,N/A,2025-03-03
,,N/A,2025-03-03
,,N/A,2025-03-03
,,N/A,2025-03-03
,,N/A,2025-03-03
,,N/A,2025-03-03
,,N/A,2025-03-03
,,N/A,2025-03-03
,,N/A,2025-03-03
,,N/A,2025-03-03
,,N/A,2025-03-03
,,N/A,2025-03-03
,,N/A,2025-03-03
,,N/A,2025-03-03
,,N/A,2025-03-03
,,N/A,2025-03-03
,,N/A,2025-03-03
,,N/A,2025-03-03
,,N/A,2025-03-03
,,N/A,2025-03-03
,,N/A,2025-03-03
,,N/A,2025-03-03
,,N/A,2025-03-03
,,N/A,2025-03-03
,,N/A,2025-03-03
,,N/A,2025-03-03
,,N/A,2025-03-03
,,N/A,2025-03-03
,,N/A,2025-03-03
,,N/A,2025-03-03
,,N/A,2025-03-03
,,N/A,2025-03-03
,,N/A,2025-03-03
,,N/A,2025-03-03
,,N/A,2025-03-03
,,N/A,2025-03-03
,,N/A,2025-03-03
,,N/A,2025-03-03
,,N/A,2025-03-03
,,N/A,2025-03-03
,,N/A,2025-03-03
,,N/A,2025-03-03
,,N/A,2025-03-03
,,N/A,2025-03-03
,,N/A,2025-03-03
,,N/A,2025-03-03
,,N/A,2025-03-03
,,N/A,2025-03-03
,,N/A,2025-03-03
,,N/A,2025-03-03
,,N/A,2025-03-03
,,N/A,2025-03-03
,,N/A,2025-03-03
,,N/A,2025-03-03
,,N/A,2025-03-03
,,N/A,2025-03-03
,,N/A,2025-03-03
,,N/A,2025-03-03
,,N/A,2025-03-03
,,N/A,2025-03-03
,,N/A,2025-03-03
,,N/A,2025-03-03
,,N/A,2025-03-03
,,N/A,2025-03-03
,,N/A,2025-03-03
,,N/A,2025-03-03
,,N/A,2025-03-03
,,N/A,2025-03-03
,,N/A,2025-03-03
,,N/A,2025-03-03
,,N/A,2025-03-03
,,N/A,2025-03-03
,,N/A,2025-03-03
,,N/A,2025-03-03
,,N/A,2025-03-03
,,N/A,2025-03-03
,,N/A,2025-03-03
,,N/A,2025-03-03
,,N/A,2025-03-03
,,N/A,2025-03-03
,,N/A,2025-03-03
,,N/A,2025-03-03
,,N/A,2025-03-03
,,N/A,2025-03-03
,,N/A,2025-03-03
,,N/A,2025-03-03
,,N/A,2025-03-03
,,N/A,2025-03-03
,,N/A,2025-03-03
,,N/A,2025-03-03
,,N/A,2025-03-03
,,N/A,2025-03-03
,,N/A,2025-03-03
,,N/A,2025-03-03
,,N/A,2025-03-03
,,N/A,2025-03-03
,,N/A,2025-03-03
,,N/A,2025-03-03
,,N/A,2025-03-03
,,N/A,2025-03-03
,,N/A,2025-03-03
,,N/A,2025-03-03
,,N/A,2025-03-03
,,N/A,2025-03-03
,,N/A,2025-03-03
,,N/A,2025-03-03
,,N/A,2025-03-03
,,N/A,2025-03-03
,,N/A,2025-03-03
,,N/A,2025-03-03
,,N/A,2025-03-03
,,N/A,2025-03-03
,,N/A,2025-03-03
,,N/A,2025-03-03
,,N/A,2025-03-03
,,N/A,2025-03-03
,,N/A,2025-03-03
,,N/A,2025-03-03
,,N/A,2025-03-03
,,N/A,2025-03-03
,,N/A,2025-03-03
,,N/A,2025-03-03
,,N/A,2025-03-03
,,N/A,2025-03-03
,,N/A,2025-03-03
,,N/A,2025-03-03
,,N/A,2025-03-03
,,N/A,2025-03-03
,,N/A,2025-03-03
,,N/A,2025-03-03
,,N/A,2025-03-03
,,N/A,2025-03-03
,,N/A,2025-03-03
,,N/A,2025-03-03
,,N/A,2025-03-03
,,N/A,2025-03-03
,,N/A,2025-03-03
,,N/A,2025-03-03
,,N/A,2025-03-03
,,N/A,2025-03-03
,,N/A,2025-03-03
,,N/A,2025-03-03
,,N/A,2025-03-03
,,N/A,2025-03-03
,,N/A,2025-03-03
,,N/A,2025-03-03
,,N/A,2025-03-03
,,N/A,2025-03-03
,,N/A,2025-03-03
,,N/A,2025-03-03
,,N/A,2025-03-03
,,N/A,2025-03-03
,,N/A,2025-03-03
,,N/A,2025-03-03
,,N/A,2025-03-03
,,N/A,2025-03-03
,,N/A,2025-03-03
,,N/A,2025-03-03
,,N/A,2025-03-03
,,N/A,2025-03-03
,,N/A,2025-03-03
,,N/A,2025-03-03
,,N/A,2025-03-03
,,N/A,2025-03-03
,,N/A,2025-03-03
,,N/A,2025-03-03
,,N/A,2025-03-03
,,N/A,2025-03-03
,,N/A,2025-03-03
,,N/A,2025-03-03
,,N/A,2025-03-03
,,N/A,2025-03-03
,,N/A,2025-03-03
,,N/A,2025-03-03
,,N/A,2025-03-03
,,N/A,2025-03-03
,,N/A,2025-03-03
,,N/A,2025-03-03
,,N/A,2025-03-03
,,N/A,2025-03-03
,,N/A,2025-03-03
,,N/A,2025-03-03
,,N/A,2025-03-03
,,N/A,2025-03-03
,,N/A,2025-03-03
,,N/A,2025-03-03
,,N/A,2025-03-03
,,N/A,2025-03-03
,,N/A,2025-03-03
,,N/A,2025-03-03
,,N/A,2025-03-03
,,N/A,2025-03-03
,,N/A,2025-03-03
,,N/A,2025-03-03
,,N/A,2025-03-03
,,N/A,2025-03-03
,,N/A,2025-03-03
,,N/A,2025-03-03
,,N/A,2025-03-03
,,N/A,2025-03-03
,,N/A,2025-03-03
,,N/A,2025-03-03
,,N/A,2025-03-03
,,N/A,2025-03-03
,,N/A,2025-03-03
,,N/A,2025-03-03
,,N/A,2025-03-03
,,N/A,2025-03-03
,,N/A,2025-03-03
,,N/A,2025-03-03
,,N/A,2025-03-03
,,N/A,2025-03-03
,,N/A,2025-03-03
,,N/A,2025-03-03
,,N/A,2025-03-03
,,N/A,2025-03-03
,,N/A,2025-03-03
,,N/A,2025-03-03
,,N/A,2025-03-03
,,N/A,2025-03-03
,,N/A,2025-03-03
,,N/A,2025-03-03
,,N/A,2025-03-03
,,N/A,2025-03-03
,,N/A,2025-03-03
,,N/A,2025-03-03
,,N/A,2025-03-03
,,N/A,2025-03-03
,,N/A,2025-03-03
,,N/A,2025-03-03
,,N/A,2025-03-03
,,N/A,2025-03-03
,,N/A,2025-03-03
,,N/A,2025-03-03
,,N/A,2025-03-03
,,N/A,2025-03-03
,,N/A,2025-03-03
,,N/A,2025-03-03
,,N/A,2025-03-03
,,N/A,2025-03-03
,,N/A,2025-03-03
,,N/A,2025-03-03
,,N/A,2025-03-03
,,N/A,2025-03-03
,,N/A,2025-03-03
,,N/A,2025-03-03
,,N/A,2025-03-03
,,N/A,2025-03-03
,,N/A,2025-03-03
,,N/A,2025-03-03
,,N/A,2025-03-03
,,N/A,2025-03-03
,,N/A,2025-03-03
,,N/A,2025-03-03
,,N/A,2025-03-03
,,N/A,2025-03-03
,,N/A,2025-03-03
,,N/A,2025-03-03
,,N/A,2025-03-03
,,N/A,2025-03-03
,,N/A,2025-03-03
,,N/A,2025-03-03
,,N/A,2025-03-03
,,N/A,2025-03-03
,,N/A,2025-03-03
,,N/A,2025-03-03
,,N/A,2025-03-03
,,N/A,2025-03-03
,,N/A,2025-03-03
,,N/A,2025-03-03
,,N/A,2025-03-03
,,N/A,2025-03-03
,,N/A,2025-03-03
,,N/A,2025-03-03
,,N/A,2025-03-03
,,N/A,2025-03-03
,,N/A,2025-03-03
,,N/A,2025-03-03
,,N/A,2025-03-03
,,N/A,2025-03-03
,,N/A,2025-03-03
,,N/A,2025-03-03
,,N/A,2025-03-03
,,N/A,2025-03-03
,,N/A,2025-03-03
,,N/A,2025-03-03
,,N/A,2025-03-03
,,N/A,2025-03-03
,,N/A,2025-03-03
,,N/A,2025-03-03
,,N/A,2025-03-03
,,N/A,2025-03-03
,,N/A,2025-03-03
,,N/A,2025-03-03
,,N/A,2025-03-03
,,N/A,2025-03-03
,,N/A,2025-03-03
,,N/A,2025-03-03
,,N/A,2025-03-03
,,N/A,2025-03-03
,,N/A,2025-03-03
,,N/A,2025-03-03
,,N/A,2025-03-03
,,N/A,2025-03-03
,,N/A,2025-03-03
,,N/A,2025-03-03
,,N/A,2025-03-03
,,N/A,2025-03-03
,,N/A,2025-03-03
,,N/A,2025-03-03
,,N/A,2025-03-03
,,N/A,2025-03-03
,,N/A,2025-03-03
,,N/A,2025-03-03
,,N/A,2025-03-03
,,N/A,2025-03-03
,,N/A,2025-03-03
,,N/A,2025-03-03
,,N/A,2025-03-03
,,N/A,2025-03-03
,,N/A,2025-03-03
,,N/A,2025-03-03
,,N/A,2025-03-03
,,N/A,2025-03-03
,,N/A,2025-03-03
,,N/A,2025-03-03
,,N/A,2025-03-03
,,N/A,2025-03-03
,,N/A,2025-03-03
,,N/A,2025-03-03
,,N/A,2025-03-03
,,N/A,2025-03-03
,,N/A,2025-03-03
,,N/A,2025-03-03
,,N/A,2025-03-03
,,N/A,2025-03-03
,,N/A,2025-03-03
,,N/A,2025-03-03
,,N/A,2025-03-03
,,N/A,2025-03-03
,,N/A,2025-03-03
,,N/A,2025-03-03
,,N/A,2025-03-03
,,N/A,2025-03-03
,,N/A,2025-03-03
,,N/A,2025-03-03
,,N/A,2025-03-03
,,N/A,2025-03-03
,,N/A,2025-03-03
,,N/A,2025-03-03
,,N/A,2025-03-03
,,N/A,2025-03-03
,,N/A,2025-03-03
,,N/A,2025-03-03
,,N/A,2025-03-03
,,N/A,2025-03-03
,,N/A,2025-03-03
,,N/A,2025-03-03
,,N/A,2025-03-03
,,N/A,2025-03-03
,,N/A,2025-03-03
,,N/A,2025-03-03
,,N/A,2025-03-03
,,N/A,2025-03-03
,,N/A,2025-03-03
,,N/A,2025-03-03
,,N/A,2025-03-03
,,N/A,2025-03-03
,,N/A,2025-03-03
,,N/A,2025-03-03
,,N/A,2025-03-03
,,N/A,2025-03-03
,,N/A,2025-03-03
,,N/A,2025-03-03
,,N/A,2025-03-03
,,N/A,2025-03-03
,,N/A,2025-03-03
,,N/A,2025-03-03
,,N/A,2025-03-03
,,N/A,2025-03-03
,,N/A,2025-03-03
,,N/A,2025-03-03
,,N/A,2025-03-03
,,N/A,2025-03-03
,,N/A,2025-03-03
,,N/A,2025-03-03
,,N/A,2025-03-03
,,N/A,2025-03-03
,,N/A,2025-03-03
,,N/A,2025-03-03
,,N/A,2025-03-03
,,N/A,2025-03-03
,,N/A,2025-03-03
,,N/A,2025-03-03
,,N/A,2025-03-03
,,N/A,2025-03-03
,,N/A,2025-03-03
,,N/A,2025-03-03
,,N/A,2025-03-03
,,N/A,2025-03-03
,,N/A,2025-03-03
,,N/A,2025-03-03
,,N/A,2025-03-03
,,N/A,2025-03-03
,,N/A,2025-03-03
,,N/A,2025-03-03
,,N/A,2025-03-03
,,N/A,2025-03-03
,,N/A,2025-03-03
,,N/A,2025-03-03
,,N/A,2025-03-03
,,N/A,2025-03-03
,,N/A,2025-03-03
,,N/A,2025-03-03
,,N/A,2025-03-03
,,N/A,2025-03-03
,,N/A,2025-03-03
,,N/A,2025-03-03
,,N/A,2025-03-03
,,N/A,2025-03-03
,,N/A,2025-03-03
,,N/A,2025-03-03
,,N/A,2025-03-03
,,N/A,2025-03-03
,,N/A,2025-03-03
,,N/A,2025-03-03
,,N/A,2025-03-03
,,N/A,2025-03-03
,,N/A,2025-03-03
,,N/A,2025-03-03
,,N/A,2025-03-03
,,N/A,2025-03-03
,,N/A,2025-03-03
,,N/A,2025-03-03
,,N/A,2025-03-03
,,N/A,2025-03-03
,,N/A,2025-03-03
,,N/A,2025-03-03
,,N/A,2025-03-03
,,N/A,2025-03-03
,,N/A,2025-03-03
,,N/A,2025-03-03
,,N/A,2025-03-03
,,N/A,2025-03-03
,,N/A,2025-03-03
,,N/A,2025-03-03
,,N/A,2025-03-03
,,N/A,2025-03-03
,,N/A,2025-03-03
,,N/A,2025-03-03
,,N/A,2025-03-03
,,N/A,2025-03-03
,,N/A,2025-03-03
,,N/A,2025-03-03
,,N/A,2025-03-03
,,N/A,2025-03-03
,,N/A,2025-03-03
,,N/A,2025-03-03
,,N/A,2025-03-03
,,N/A,2025-03-03
,,N/A,2025-03-03
,,N/A,2025-03-03
,,N/A,2025-03-03
,,N/A,2025-03-03
,,N/A,2025-03-03
,,N/A,2025-03-03
,,N/A,2025-03-03
,,N/A,2025-03-03
,,N/A,2025-03-03
,,N/A,2025-03-03
,,N/A,2025-03-03
,,N/A,2025-03-03
,,N/A,2025-03-03
,,N/A,2025-03-03
,,N/A,2025-03-03
,,N/A,2025-03-03
,,N/A,2025-03-03
,,N/A,2025-03-03
,,N/A,2025-03-03
,,N/A,2025-03-03
,,N/A,2025-03-03
,,N/A,2025-03-03
,,N/A,2025-03-03
,,N/A,2025-03-03
,,N/A,2025-03-03
,,N/A,2025-03-03
,,N/A,2025-03-03
,,N/A,2025-03-03
,,N/A,2025-03-03
,,N/A,2025-03-03
,,N/A,2025-03-03
,,N/A,2025-03-03
,,N/A,2025-03-03
,,N/A,2025-03-03
,,N/A,2025-03-03
,,N/A,2025-03-03
,,N/A,2025-03-03
,,N/A,2025-03-03
,,N/A,2025-03-03
,,N/A,2025-03-03
,,N/A,2025-03-03
,,N/A,2025-03-03
,,N/A,2025-03-03
,,N/A,2025-03-03
,,N/A,2025-03-03
,,N/A,2025-03-03
,,N/A,2025-03-03
,,N/A,2025-03-03
,,N/A,2025-03-03
,,N/A,2025-03-03
,,N/A,2025-03-03
,,N/A,2025-03-03
,,N/A,2025-03-03
,,N/A,2025-03-03
,,N/A,2025-03-03
,,N/A,2025-03-03
,,N/A,2025-03-03
,,N/A,2025-03-03
,,N/A,2025-03-03
,,N/A,2025-03-03
,,N/A,2025-03-03
,,N/A,2025-03-03
,,N/A,2025-03-03
,,N/A,2025-03-03
,,N/A,2025-03-03
,,N/A,2025-03-03
,,N/A,2025-03-03
,,N/A,2025-03-03
,,N/A,2025-03-03
,,N/A,2025-03-03
,,N/A,2025-03-03
,,N/A,2025-03-03
,,N/A,2025-03-03
,,N/A,2025-03-03
,,N/A,2025-03-03
,,N/A,2025-03-03
,,N/A,2025-03-03
,,N/A,2025-03-03
,,N/A,2025-03-03
,,N/A,2025-03-03
,,N/A,2025-03-03
,,N/A,2025-03-03
,,N/A,2025-03-03
,,N/A,2025-03-03
,,N/A,2025-03-03
,,N/A,2025-03-03
,,N/A,2025-03-03
,,N/A,2025-03-03
,,N/A,2025-03-03
,,N/A,2025-03-03
,,N/A,2025-03-03
,,N/A,2025-03-03
,,N/A,2025-03-03
,,N/A,2025-03-03
,,N/A,2025-03-03
,,N/A,2025-03-03
,,N/A,2025-03-03
,,N/A,2025-03-03
,,N/A,2025-03-03
,,N/A,2025-03-03
,,N/A,2025-03-03
,,N/A,2025-03-03
,,N/A,2025-03-03
,,N/A,2025-03-03
,,N/A,2025-03-03
,,N/A,2025-03-03
,,N/A,2025-03-03
,,N/A,2025-03-03
,,N/A,2025-03-03
,,N/A,2025-03-03
,,N/A,2025-03-03
,,N/A,2025-03-03
,,N/A,2025-03-03
,,N/A,2025-03-03
,,N/A,2025-03-03
,,N/A,2025-03-03
,,N/A,2025-03-03
,,N/A,2025-03-03
,,N/A,2025-03-03
,,N/A,2025-03-03
,,N/A,2025-03-03
,,N/A,2025-03-03
,,N/A,2025-03-03
,,N/A,2025-03-03
,,N/A,2025-03-03
,,N/A,2025-03-03
,,N/A,2025-03-03
,,N/A,2025-03-03
,,N/A,2025-03-03
,,N/A,2025-03-03
,,N/A,2025-03-03
,,N/A,2025-03-03
,,N/A,2025-03-03
,,N/A,2025-03-03
,,N/A,2025-03-03
,,N/A,2025-03-03
,,N/A,2025-03-03
,,N/A,2025-03-03
,,N/A,2025-03-03
,,N/A,2025-03-03
,,N/A,2025-03-03
,,N/A,2025-03-03
,,N/A,2025-03-03
,,N/A,2025-03-03
,,N/A,2025-03-03
,,N/A,2025-03-03
,,N/A,2025-03-03
,,N/A,2025-03-03
,,N/A,2025-03-03
,,N/A,2025-03-03
,,N/A,2025-03-03
,,N/A,2025-03-03
,,N/A,2025-03-03
,,N/A,2025-03-03
,,N/A,2025-03-03
,,N/A,2025-03-03
,,N/A,2025-03-03
,,N/A,2025-03-03
,,N/A,2025-03-03
,,N/A,2025-03-03
,,N/A,2025-03-03
,,N/A,2025-03-03
,,N/A,2025-03-03
,,N/A,2025-03-03
,,N/A,2025-03-03
,,N/A,2025-03-03
,,N/A,2025-03-03
,,N/A,2025-03-03
,,N/A,2025-03-03
,,N/A,2025-03-03
,,N/A,2025-03-03
,,N/A,2025-03-03
,,N/A,2025-03-03
,,N/A,2025-03-03
,,N/A,2025-03-03
,,N/A,2025-03-03
,,N/A,2025-03-03
,,N/A,2025-03-03
,,N/A,2025-03-03
,,N/A,2025-03-03
,,N/A,2025-03-03
,,N/A,2025-03-03
,,N/A,2025-03-03
,,N/A,2025-03-03
,,N/A,2025-03-03
,,N/A,2025-03-03
,,N/A,2025-03-03
,,N/A,2025-03-03
,,N/A,2025-03-03
,,N/A,2025-03-03
,,N/A,2025-03-03
,,N/A,2025-03-03
,,N/A,2025-03-03
,,N/A,2025-03-03
,,N/A,2025-03-03
,,N/A,2025-03-03
,,N/A,2025-03-03
,,N/A,2025-03-03
,,N/A,2025-03-03
,,N/A,2025-03-03
,,N/A,2025-03-03
,,N/A,2025-03-03
,,N/A,2025-03-03
,,N/A,2025-03-03
,,N/A,2025-03-03
,,N/A,2025-03-03
,,N/A,2025-03-03
,,N/A,2025-03-03
,,N/A,2025-03-03
,,N/A,2025-03-03
,,N/A,2025-03-03
,,N/A,2025-03-03
,,N/A,2025-03-03
,,N/A,2025-03-03
,,N/A,2025-03-03
,,N/A,2025-03-03
,,N/A,2025-03-03
,,N/A,2025-03-03
,,N/A,2025-03-03
,,N/A,2025-03-03
,,N/A,2025-03-03
,,N/A,2025-03-03
,,N/A,2025-03-03
,,N/A,2025-03-03
,,N/A,2025-03-03
,,N/A,2025-03-03
,,N/A,2025-03-03
,,N/A,2025-03-03
,,N/A,2025-03-03
,,N/A,2025-03-03
,,N/A,2025-03-03
,,N/A,2025-03-03
,,N/A,2025-03-03
,,N/A,2025-03-03
,,N/A,2025-03-03
,,N/A,2025-03-03
,,N/A,2025-03-03
,,N/A,2025-03-03
,,N/A,2025-03-03
,,N/A,2025-03-03
,,N/A,2025-03-03
,,N/A,2025-03-03
,,N/A,2025-03-03
,,N/A,2025-03-03
,,N/A,2025-03-03
,,N/A,2025-03-03
,,N/A,2025-03-03
,,N/A,2025-03-03
,,N/A,2025-03-03
,,N/A,2025-03-03
,,N/A,2025-03-03
,,N/A,2025-03-03
,,N/A,2025-03-03
,,N/A,2025-03-03
,,N/A,2025-03-03
,,N/A,2025-03-03
